GeneralID,GeneralName,Country,CountryName,Gender,GenderName,ExType,BaseGeneralID,IsEmperor,Star,GeneralGrade,MaxGrade,GeneralItemId,SkinItemID,SkillTechType,GeneralClassName,SkillIDs,Searchkey,Designer,RolePoint,RecommendTip
1,刘备,2,蜀,1,男,1,0,1,2,5,5,400010,50600100,144,GeneralCard,31;32,刘备*liubei*蜀国*稀有*昭烈帝*仁德*激将*主公*刘玄德*刘给给*河北涿州,,能够将手牌分配给队友。没有手牌时很脆弱。,强力辅助
2,关羽,2,蜀,1,男,1,0,0,1,5,5,400020,50610100,577,GeneralCard,33,关羽*guanyu*蜀国*关二爷*关二哥*武圣*财神爷*忠臣*关云长*字云长*关公*五虎上将*青龙偃月刀*赤兔,,拥有大量的【杀】，能够每回合稳定使用【杀】。需要武器牌提供攻击范围。,
3,张飞,2,蜀,1,男,1,0,0,1,5,5,400030,60030100,577,GeneralCard,34,张飞*蜀国*zhangfei,,能够迅速杀死脆弱的武将。需要武器牌提供攻击范围，且【杀】越多越好。,
4,诸葛亮,2,蜀,1,男,1,0,0,2,5,5,400040,50040100,266,GeneralCard,35;36,诸葛亮*蜀国*zhugeliang,,能够控制牌堆顶的牌序，决定自己和下家的判定牌和摸牌。尽量把牌用光。,
5,赵云,2,蜀,1,男,1,0,0,1,5,5,400050,50640300,579,GeneralCard,37,赵云*蜀国*zhaoyun,,进可攻退可守。受到【贯石斧】等强制造成伤害的牌的针对。,
6,马超,2,蜀,1,男,1,0,0,1,5,5,400060,50650100,577,GeneralCard,70;38,马超*蜀国*machao,,能够让【杀】强制造成伤害，拥有更大的攻击范围。需要有较多的【杀】，受到【乐不思蜀】的限制。,
7,黄月英,2,蜀,2,女,1,0,0,2,5,5,400070,50070100,580,GeneralCard,39;40,黄月英*蜀国*huangyueying,,通过锦囊牌在回合内获得大量手牌。自身很脆弱，会成为敌人优先攻击的目标。,
8,孙权,3,吴,1,男,1,0,1,2,5,5,400080,50080100,132,GeneralCard,53;54,孙权*吴国*sunquan,,能够弃掉无用的牌并摸新的牌。个人能力突出，配合较弱。,
9,甘宁,3,吴,1,男,1,0,0,1,5,5,400090,50090100,584,GeneralCard,57,甘宁*吴国*ganning,,能够转化大量的【过河拆桥】，弃置敌人的牌使其变得脆弱。没有手牌时很脆弱。,
10,吕蒙,3,吴,1,男,1,0,0,1,5,5,400100,50690100,66,GeneralCard,63,吕蒙*吴国*lumeng,,能够积累大量的手牌。需要【诸葛连弩】提供输出机会。,
11,黄盖,3,吴,1,男,1,0,0,2,5,5,400110,50110100,68,GeneralCard,62,黄盖*吴国*huangge,,通过主动扣减体力在回合内获得大量手牌。需要【诸葛连弩】提供输出机会，发动技能后自己变得脆弱。,
12,周瑜,3,吴,1,男,1,0,0,1,5,5,400120,60710200,133,GeneralCard,55;56,周瑜*吴国*zhouyu*fangpianzhou,,能获得大量手牌，能通过技能直接对敌人造成伤害。自身很脆弱，会成为敌人优先攻击的目标。,
13,大乔,3,吴,2,女,1,0,0,2,5,5,400130,50130100,138,GeneralCard,60;61,大乔*吴国*daqiao,,能够转化【乐不思蜀】对敌人进行限制。没有手牌时很脆弱。,
14,陆逊,3,吴,1,男,1,0,0,2,5,5,400140,60730100,70,GeneralCard,58;59,陆逊*吴国*luxun,,能够源源不断的使用手牌，回合内拥有高爆发，回合外拥有高防御。受到【贯石斧】等强制造成伤害的牌的针对。,
15,孙尚香,3,吴,2,女,1,0,0,2,5,5,400150,50150100,84,GeneralCard,41;69,孙尚香*吴国*sunshangxiang,,能够为队友和自己回复体力值，通过装备牌获得大量手牌。依赖男性角色，会成为敌人优先攻击的目标。,爆发奶妈
16,曹操,1,魏,1,男,1,0,1,2,5,5,400160,50750100,1602,GeneralCard,42;43,曹操*魏国*caocao,,能够获得敌人的攻击牌用来攻击敌人，利用【南蛮入侵】和【万箭齐发】攻击全场。受到【乐不思蜀】的限制。,
17,司马懿,1,魏,1,男,1,0,0,2,5,5,400170,60170200,1162,GeneralCard,47;48,司马懿*魏国*simayi,,控制其他角色的判定牌，利用【闪电】杀死脆弱的武将。受到【寒冰剑】的针对，没有手牌时很脆弱。,
18,夏侯惇,1,魏,1,男,1,0,0,1,5,5,400180,50180100,1090,GeneralCard,49,夏侯惇*魏国*xiahoudun,,受到敌人的伤害时报复敌人，以牙还牙。受到【寒冰剑】和【闪电】的针对，技能依赖判定结果。,
19,张辽,1,魏,1,男,1,0,0,2,5,5,400190,60190100,584,GeneralCard,44,张辽*魏国*zhangliao,,每回合都能获得敌人的手牌，偷取【桃】等防御牌。没有手牌时很脆弱，单挑无力。,强力控制
20,许褚,1,魏,1,男,1,0,0,1,5,5,400200,50200100,65,GeneralCard,50,许褚*魏国*xuchu,,通过【杀】和【决斗】造成高额输出，迅速杀死脆弱的武将。需要武器牌提供攻击范围，【杀】和【决斗】越多越好。,
21,郭嘉,1,魏,1,男,1,0,0,2,5,5,400210,50210100,1170,GeneralCard,51;52,郭嘉*魏国*guojia,,受到伤害时获得手牌，可以将受伤得到的牌分配给队友。受到【寒冰剑】与【乐不思蜀】的针对。,
22,甄姬,1,魏,2,女,1,0,0,2,5,5,400220,60220100,70,GeneralCard,45;46,甄姬*魏国*zhenji,,能够转化大量的【闪】，连续判定在回合内获得大量手牌。技能依赖判定结果，受到【贯石斧】等强制造成伤害的牌的针对。,强力爆发
23,华佗,4,群,1,男,1,0,0,2,5,5,400230,50230100,80,GeneralCard,64;65,华佗*群雄*huatuo,,能够转化大量的【桃】，每回合都能稳定回复体力。会成为敌人优先攻击的目标，没有牌时很脆弱。,
24,吕布,4,群,1,男,1,0,0,2,5,5,400240,50830100,577,GeneralCard,66,吕布*群雄*lubu,,使用的【杀】和【决斗】难以被敌人应对，能够轻易杀死脆弱的敌人。需要武器牌提供攻击范围，需要有较多的【杀】和【决斗】。,强力进攻
25,貂蝉,4,群,2,女,1,0,0,2,5,5,400250,50250100,133,GeneralCard,67;68,貂蝉*群雄*diaochan,,使男性敌人互相决斗，能获得大量手牌。会成为敌人优先攻击的目标。,强力进攻
26,华雄,4,群,1,男,1,0,0,1,5,5,400260,50260100,578,GeneralCard,495,华雄*群雄*huaxiong,,拥有高额的体力值。受到伤害时使敌人获得好处。,
27,黄忠,2,蜀,1,男,2,0,0,3,5,5,400270,60270100,65,GeneralCard,297,黄忠*蜀国*huangzhong,,能够让【杀】变得更强大。攻击范围很广，需要较多的【杀】。,
28,魏延,2,蜀,1,男,2,0,0,3,5,5,400280,40280100,66,GeneralCard,295;296,魏延*蜀国*weiyan,,造成伤害可以吸血，擅长与近距离敌人战斗。需要坐骑牌提供距离，个人能力强。,爆发吸血
29,夏侯渊,1,魏,1,男,2,0,0,1,5,5,400290,50290100,129,GeneralCard,363,夏侯渊*魏国*xiahouyuan,,能够使用无距离限制的【杀】多次攻击敌人。装备牌越多越好，没有牌时很脆弱。,
30,曹仁,1,魏,1,男,2,0,0,3,5,5,400300,50300100,134,GeneralCard,370;371,曹仁*魏国*caoren,,回合外有很多手牌，可以帮助队友抵御锦囊，或是移动场上装备。输出能力不足。,
31,小乔,3,吴,2,女,2,0,0,3,5,5,400310,50310100,130,GeneralCard,382;76,小乔*吴国*xiaoqiao,,能够将敌人的伤害反弹出去，不怕【闪电】。受到【寒冰剑】的针对，没有手牌时很脆弱。,免疫伤害
32,周泰,3,吴,1,男,2,0,0,3,5,5,400320,50320100,82,GeneralCard,466;467,周泰*吴国*zhoutai,,很难死亡，通过扣减体力来保护队友的手牌。输出能力弱。,
33,张角,4,群,1,男,2,0,1,3,5,5,400330,50330100,138,GeneralCard,755;79;80,张角*群雄*zhangjue,,控制其他角色的判定牌，依靠【闪】和【闪电】杀死脆弱的武将。没有【闪】时很脆弱。,
34,于吉,4,群,1,男,2,0,0,2,5,5,400340,50340100,288,GeneralCard,469,于吉*群雄*yuji,,与敌人进行心理战，可以教训鲁莽的敌人。没有牌时很脆弱。,
35,典韦,1,魏,1,男,3,0,0,1,5,5,400350,50350100,577,GeneralCard,91,典韦*魏国*dianwei,,扣减体力或利用武器牌迅速杀死脆弱的敌人。【桃】和武器牌越多越好，发动技能后自己变得脆弱。,
36,荀彧,1,魏,1,男,3,0,0,3,5,5,400360,60360100,1169,GeneralCard,92;93,荀彧*魏国*xunyu,,能够使敌人互相伤害，受伤时让队友摸大量牌。会成为敌人优先攻击的目标。,
37,庞统,2,蜀,1,男,3,0,0,2,5,5,400370,60370100,74,GeneralCard,94;95,庞统*蜀国*pangtong,,能够转化【铁索连环】对敌人进行限制，能够复活。输出不足。,两命复活
38,卧龙诸葛,2,蜀,1,男,3,0,0,2,5,5,400380,60380200,131,GeneralCard,96;97;98,卧龙诸葛*蜀国*wolongzhuge,,能够转化大量的【火攻】和【无懈可击】。手牌越多越好，受到【贯石斧】等强制造成伤害的牌的针对。,自带八卦
39,太史慈,3,吴,1,男,3,0,0,2,5,5,400390,60390100,137,GeneralCard,99,太史慈*吴国*taishici,,能够使用无距离限制的【杀】攻击两个敌人。【杀】和大点数的手牌越多越好，受到【乐不思蜀】的限制。,
40,庞德,4,群,1,男,3,0,0,2,5,5,400400,50400100,585,GeneralCard,70;364,庞德*群雄*pangde,,使用【杀】时能够弃置敌人的牌使其变得脆弱，能够使用【杀】强制造成伤害。拥有更大的攻击范围。需要有较多的【杀】，受到【乐不思蜀】的限制。,
41,颜良文丑,4,群,1,男,3,0,0,2,5,5,400410,40410100,65,GeneralCard,101,颜良文丑*群雄*yanliangwenchou,,能够转化大量的【决斗】，能够迅速杀死脆弱的敌人。手牌越多越好，受到【无懈可击】和【乐不思蜀】的针对。,
42,袁绍,4,群,1,男,3,0,1,2,5,5,400420,50420100,65,GeneralCard,102;103,袁绍*群雄*yuanshao,,能够转化大量的【万箭齐发】攻击全场。手牌越多越好，会成为敌人优先攻击的目标。,
43,徐晃,1,魏,1,男,4,0,0,2,5,5,400430,50430100,136,GeneralCard,380;381,徐晃*魏国*xuhuang,,能够转化【兵粮寸断】限制敌人，能够更方便的使用【兵粮寸断】。黑色牌越多越好，会成为敌人优先攻击的目标。,无限兵粮
44,曹丕,1,魏,1,男,4,0,1,3,5,5,400440,50440100,1290,GeneralCard,105;106;107,曹丕*魏国*caopi,,受伤时让敌人跳过行动，拿走死亡角色的牌。没有牌时很脆弱。,
45,孙坚,3,吴,1,男,4,0,0,2,3,5,400450,50450100,88,GeneralCard,108,孙坚*吴国*sunjian,,让队友多摸牌或让敌人多弃牌，体力越少越强。【酒】和【桃】越多越好，输出不足。,
46,董卓,4,群,1,男,4,0,1,2,5,5,400460,60460200,131,GeneralCard,109;110;111;112,董卓*群雄*dongzhuo,,拥有高额的体力值，能够转化【酒】，能够迅速杀死女性角色和脆弱的角色。受到女性角色的针对，游戏时间越久就越脆弱。,
47,祝融,2,蜀,2,女,4,0,0,2,5,5,400470,50470100,140,GeneralCard,113;114,祝融*蜀国*zhurong,,能够回收【南蛮入侵】，通过【杀】来抢夺敌人的牌。需要武器牌提供攻击范围，需要较多的【杀】和大点数牌。,
48,孟获,2,蜀,1,男,4,0,0,2,5,5,400480,50480100,1094,GeneralCard,115;116,孟获*蜀国*menghuo,,【南蛮入侵】的始作俑者，可以恢复大量体力值。输出不足。,
49,贾诩,4,群,1,男,4,0,0,3,5,5,400490,60490100,259,GeneralCard,117;118;119,贾诩*群雄*jiaxu,,能够准确地杀死脆弱的敌人，能够让全场角色互相残杀。没有牌时很脆弱。,
50,鲁肃,3,吴,1,男,4,0,0,3,3,5,400500,60500100,268,GeneralCard,120;121,鲁肃*吴国*lusu,,能获得大量手牌并分配给脆弱的角色，能够将敌人的牌交换给队友。自身很脆弱，会成为敌人优先攻击的目标。,
51,张郃,1,魏,1,男,5,0,0,3,5,5,400510,50510100,266,GeneralCard,122,张郃*魏国*zhanghe,,能够偷取敌人的手牌或移动敌人的装备牌，能够保存较多的牌。没有牌时很脆弱。,
52,邓艾,1,魏,1,男,5,0,0,3,3,5,400520,50520200,138,GeneralCard,123;124,邓艾*魏国*dengai,,能够偷取敌人的手牌或移动敌人的装备牌，能够保存较多的牌。没有牌时很脆弱。,
53,姜维,2,蜀,1,男,5,0,0,3,5,5,400530,50530100,264,GeneralCard,125;126,姜维*蜀国*jiangwei,,主动面对敌人的进攻，破坏敌人的输出和防御。觉醒后能够控制牌堆顶的牌序，决定自己和下家的判定牌和摸牌。,
54,刘禅,2,蜀,1,男,5,0,1,3,5,5,400540,50540100,146,GeneralCard,127;128;129,刘禅*蜀国*liuchan,,让队友获得额外行动的机会。会成为敌人优先攻击的目标。,
55,孙策,3,吴,1,男,5,0,1,3,5,5,400550,50550100,1286,GeneralCard,130;131;132,孙策*吴国*sunce,,通过【决斗】和红色【杀】获得好处，觉醒后可以获得较多的牌并让敌人弃置较多的牌。个人能力强。,
56,张昭张纮,3,吴,1,男,5,0,0,3,5,5,400560,50560100,148,GeneralCard,133;134,张昭张弘*吴国*zhangzhaozhanghong,,将装备牌分配给队友，获得其他角色的弃牌。自身很脆弱，会成为敌人优先攻击的目标，受到【乐不思蜀】的限制。,
57,左慈,4,群,1,男,5,0,0,4,5,5,400570,50570100,288,GeneralCard,135;136,左慈*群雄*zuoci,,随心所欲地变化成其他武将，使用其他武将的技能。根据不同的技能具有不同的弱点。,
58,蔡文姬,4,群,2,女,5,0,0,3,5,5,400580,50580200,1106,GeneralCard,137;138,蔡文姬*群雄*caiwenji,,帮助队友抵御敌人的攻击，死亡时废掉敌人的技能。输出能力弱，没有牌时无配合。,
90,严颜,2,蜀,1,男,6,0,0,1,3,5,400900,40900100,74,GeneralCard,141,严颜*蜀国*yanyan,,,
91,王平,2,蜀,1,男,6,0,0,2,5,5,400910,10910100,76,GeneralCard,142;143,王平*蜀国*wangping,,,
92,陆绩,3,吴,1,男,6,0,0,3,5,5,400920,50920100,146,GeneralCard,144;145;146,陆绩*吴国*luji,,,
93,孙亮,3,吴,1,男,6,0,1,2,3,5,400930,50930100,153,GeneralCard,147;148;149,孙亮*吴国*sunliang,,,
94,王基,1,魏,1,男,6,0,0,3,3,5,400940,50940100,138,GeneralCard,273;274,王基*魏国*wangji,,,
95,蒯良蒯越,1,魏,1,男,6,0,0,2,4,5,400950,50950100,277,GeneralCard,150;151,蒯良蒯越*魏国*kuailiangkuaiyue,,,
96,许攸,4,群,1,男,6,0,0,3,5,5,400960,50960200,260,GeneralCard,152;153;154,许攸*群雄*xuyou,,,
97,卢植,4,群,1,男,6,0,0,1,5,5,400970,10970100,145,GeneralCard,155;156,卢植*群雄*luzhi,,,
98,陈到,2,蜀,1,男,7,0,0,2,3,5,400980,40980100,65,GeneralCard,2702,陈到*蜀国*chendao,,,无法响应
99,诸葛瞻,2,蜀,1,男,7,0,0,3,5,5,400990,50990100,74,GeneralCard,158;159,诸葛瞻*蜀国*zhugezhan,,,
100,周妃,3,吴,2,女,7,0,0,3,5,5,401000,51000100,152,GeneralCard,160;161,周妃*吴国*zhoufei,,,
101,陆抗,3,吴,1,男,7,0,0,2,5,5,401010,51010100,262,GeneralCard,162;163;164,陆抗*吴国*lukang,,,
102,郝昭,1,魏,1,男,7,0,0,3,5,5,401020,51020100,88,GeneralCard,166,郝昭*魏国*haozhao,,,
103,毌丘俭,1,魏,1,男,7,0,0,2,3,5,401030,11030100,140,GeneralCard,167;168,毌丘俭*魏国*guanqiujian,,,
104,袁术,4,群,1,男,7,0,1,2,5,5,401040,51040200,84,GeneralCard,202;203,袁术*群雄*yuanshu,,,
105,张绣,4,群,1,男,7,0,0,2,5,5,401050,51050300,84,GeneralCard,170;171,张绣*群雄*zhangxiu,,,
201,神关羽,5,神,1,男,8,0,0,4,5,5,402010,52010100,67,GeneralCard,301;302,神关羽*神*shenguanyu,,能够无距离限制来使用大量的【杀】，死亡时对敌人索命，使其死亡。个人能力强。,
202,神吕蒙,5,神,1,男,8,0,0,4,5,5,402020,52020100,140,GeneralCard,303;304,神吕蒙*神*shenlumeng,,在回合内具有大量的手牌，能够观看并破坏敌人的手牌，使其变得脆弱。自身很脆弱，会成为敌人优先攻击的目标。,
203,神周瑜,5,神,1,男,8,0,0,4,5,5,402030,52030100,273,GeneralCard,305;306,神周瑜*神*shenzhouyu,,能够令所有角色回复体力或失去体力，能够瞬间造成巨额伤害直接杀死敌人。手牌越多越好，会成为敌人优先攻击的目标。,
204,神诸葛亮,5,神,1,男,8,0,0,4,5,5,402040,52040122,148,GeneralCard,307;308;309,神诸葛亮*神*shenzhugeliang,,能够调整自己的手牌，能够给队友提供很强的防御。游戏进行的越久就越弱。,
205,神曹操,5,神,1,男,8,0,0,4,5,5,402050,52050100,70,GeneralCard,310;311,神曹操*神*shencaocao,,受伤后获得大量手牌，拥有较强的防御。受到【寒冰剑】的针对。,
206,神吕布,5,神,1,男,8,0,0,4,5,5,402060,52060200,131,GeneralCard,312;313;314;315,神吕布*神*shenlubu,,积攒怒气，对全场角色造成毁灭性的打击。受到【乐不思蜀】的限制，受到【寒冰剑】的针对。,
207,神赵云,5,神,1,男,8,0,0,4,5,5,402070,52070100,134,GeneralCard,316;317,神赵云*神*shenzhaoyun,,在绝境中爆发，能够应对各种攻势。手牌越多越好，受到【贯石斧】等牌的针对。,
208,神司马懿,5,神,1,男,8,0,0,4,5,5,402080,52080100,288,GeneralCard,318;319;320,神司马懿*神*shensimayi,,击杀敌人后能够再次行动，拥有各种技能，将敌人玩弄于鼓掌之间。受到【寒冰剑】的针对。,
209,神刘备,5,神,1,男,8,0,0,4,5,5,402090,52090100,137,GeneralCard,172;173,神刘备*神*shenliubei,,,
210,神陆逊,5,神,1,男,8,0,0,4,5,5,402100,42100100,269,GeneralCard,174;175;176,神陆逊*神*shenluxun,,,
211,神张辽,5,神,1,男,8,0,0,4,5,5,402110,52110100,136,GeneralCard,177;178,神张辽*神*shenzhangliao,,,
212,神甘宁,5,神,1,男,8,0,0,4,5,5,402120,52120100,264,GeneralCard,179;180,神甘宁*神*shenganning,,,
213,神姜维,5,神,1,男,55,0,0,4,5,5,402130,12130100,264,GeneralCard,322;323;324,神姜维*神*shenjiangwei,,不怎么需要策略,爆发神将
214,神马超,5,神,1,男,55,0,0,4,0,5,402140,0,264,GeneralCard,325;326,神马超*神*shenmachao,,具有极强的距离控制力,
215,神张飞,5,神,1,男,55,0,0,4,5,5,402150,12150100,77,GeneralCard,327;328,神张飞*神,,可以让敌方立即死亡,
216,神张角,5,神,1,男,55,0,0,4,0,5,402160,0,77,GeneralCard,329;330;331;332,神张角*神,,,
217,神邓艾,5,神,1,男,55,0,0,4,0,5,402170,0,160,GeneralCard,333;334;335,神邓艾*神,,,
218,神典韦,5,神,1,男,55,0,0,4,5,5,402180,12180100,133,GeneralCard,337;338;339,神典韦*神,,,
219,神许褚,5,神,1,男,55,0,0,4,0,5,402190,0,65,GeneralCard,340;341,神许褚*神,,,
220,神华佗,5,神,1,男,55,0,0,4,0,5,402200,0,133,GeneralCard,342;343;344,神华佗*神,,,
221,神黄忠,5,神,1,男,55,0,0,4,5,5,402210,12210100,133,GeneralCard,345;346,神黄忠*神,,,
222,神庞统,5,神,1,男,55,0,0,4,5,5,402220,12220100,138,GeneralCard,347;348;349,神庞统*神*pangtong,"设计者：昵称不合法|设计心得：三个技能塑造“不死火凤凰”的形象，技能偏旁和转换技对应阴阳五行 一技能体现庞统铁索连环之计，所有人手牌、自己所有技能都被锁上，两侧手牌都是铁索像大船互相连铁索 二技能体现庞统阴阳两面，阳面为献策，阴面为连环计以便火攻，就如同火凤凰 三技能将涅槃推向极致，真复活不怕神关张的规则死亡。""大荒之中，有山名曰北极柜。海水北注焉。有神九首，人面鸟身，名曰九凤""。八张火属性伤害牌（5张火杀3张火攻），加上神庞统的武将牌就是神庞统这只凤凰的九个头，让看似脆弱（1血）的神庞统一次次浴火重生。",,
223,神钟会,5,神,1,男,55,0,0,4,0,5,402230,0,140,GeneralCard,508;509;510,神钟会*神,,,
224,神孙权,5,神,1,男,55,0,0,4,5,5,402240,12240100,257,GeneralCard,3764;3765;3766,神孙权*神,,,
230,诸葛亮,2,蜀,1,男,75,0,0,4,0,5,402300,0,160,GeneralCard,520;521;522,武诸葛亮*蜀国,,,
231,陆逊,3,吴,1,男,75,0,0,4,0,5,402310,0,0,GeneralCard,523;524;525,陆逊*吴国,,,
232,关羽,2,蜀,1,男,75,0,0,4,0,5,402320,0,65,GeneralCard,526;527;528,武关羽*蜀国,,,
233,皇甫嵩,4,群,1,男,75,0,0,4,0,5,402330,0,129,GeneralCard,529;530;531,武皇甫嵩*群雄,,,
288,法正,2,蜀,1,男,10,0,0,2,5,5,402880,52880100,146,GeneralCard,460;461,法正*蜀国*fazheng,,帮助队友获得额外的牌，报复伤害你的敌人。没有牌时很脆弱。,
289,马谡,2,蜀,1,男,10,0,0,2,5,5,402890,52890100,137,GeneralCard,236;237,马谡*蜀国*masu,,伤害体力值最多的角色，夺取敌人的装备牌，解除队友的困境。自身很脆弱。,
290,徐庶,2,蜀,1,男,10,0,0,2,5,5,402900,52900100,145,GeneralCard,705;706,徐庶*蜀国*xushu,,使用【杀】偷袭敌人，觉醒后可以让队友摸牌。自身很脆弱，需要较多的【杀】。,
291,吴国太,3,吴,2,女,10,0,0,2,5,5,402910,52910100,1176,GeneralCard,412;413,吴国太*吴国*wuguotai,,可以交换全场角色的装备牌，为濒死的队友回复体力值。会成为敌人优先攻击的目标。,
292,凌统,3,吴,1,男,10,0,0,2,5,5,402920,52920100,136,GeneralCard,409,凌统*吴国*lingtong,,通过装备牌弃置敌人大量的牌，使其变得脆弱。没有牌时很脆弱。,
293,徐盛,3,吴,1,男,10,0,0,2,5,5,402930,52930200,585,GeneralCard,414,徐盛*吴国*xusheng,,使用【杀】时使敌人变得脆弱，能轻易杀死脆弱的武将。需要武器牌提供攻击范围，需要较多的【杀】。,强力输出
294,曹植,1,魏,1,男,10,0,0,3,5,5,402940,52940100,1158,GeneralCard,401;402,曹植*魏国*caozhi,,获得其他角色的弃牌和判定牌，能够转化【酒】。受到【寒冰剑】的针对。,
295,张春华,1,魏,2,女,10,0,0,2,5,5,402950,52950100,70,GeneralCard,418;419,张春华*魏国*zhangchunhua,,能够源源不断的使用手牌，体力值越低越强。个人能力强。,克制卖血
296,于禁,1,魏,1,男,10,0,0,1,5,5,402960,42960100,152,GeneralCard,238,于禁*魏国*yujin,,弃置敌人的牌使敌人变得脆弱，弃置队友的牌来使队友摸牌。,
297,陈宫,4,群,1,男,10,0,0,3,5,5,402970,52970100,146,GeneralCard,405;406,陈宫*群雄*chengong,,能配合队友杀死脆弱的武将，不会被迅速杀死。会成为敌人优先攻击的目标。,
298,高顺,4,群,1,男,10,0,0,2,5,5,402980,52980100,585,GeneralCard,403;404,高顺*群雄*gaoshun,,能够使用较多的【杀】，能够迅速杀死脆弱的武将。不能使用【酒】。,
299,关兴张苞,2,蜀,1,男,11,0,0,3,5,5,402990,52990100,65,GeneralCard,473,关兴张苞*蜀国*guanxingzhangbao,,能够转化大量的【杀】，能够迅速杀死脆弱的武将。手牌越多越好，受到【乐不思蜀】和对杀有防御力的武将限制。,
300,廖化,2,蜀,1,男,11,0,0,1,5,5,403000,43000100,579,GeneralCard,426;427,廖化*蜀国*liaohua,,能够出两次牌，可以复活一次。需要武器牌提供攻击范围，需要较多的【杀】。,
301,马岱,2,蜀,1,男,11,0,0,2,3,5,403010,53010100,73,GeneralCard,70;474,马岱*蜀国*madai,,让敌人无法使用【闪】，拥有更大的攻击范围。个人能力强。,自带马术
302,步练师,3,吴,2,女,11,0,0,3,5,5,403020,53020100,88,GeneralCard,429;430,步练师*吴国*bulianshi,,能够让队友夺取敌人的手牌，死亡时让队友脱离困境。自身很脆弱，会成为敌人优先攻击的目标。,
303,程普,3,吴,1,男,11,0,0,2,5,5,403030,53030100,145,GeneralCard,431;432,程普*吴国*chengpu,,能够转化大量的火【杀】攻击多个敌人，能够转化大量的【酒】来帮助队友。需要武器牌提供攻击范围，【杀】越多越好。,
304,韩当,3,吴,1,男,11,0,0,2,5,5,403040,53040100,137,GeneralCard,433;434,韩当*吴国*handang,,能够无距离限制使用【杀】，能够让队友脱离困境。需要较多的装备牌和【杀】。,
305,荀攸,1,魏,1,男,11,0,0,3,5,5,403050,53050100,1312,GeneralCard,423;424,荀攸*魏国*xunyou,,能够随心所欲地转化各种锦囊牌。会成为敌人优先攻击的目标。,
306,王异,1,魏,2,女,11,0,0,3,5,5,403060,53060100,1170,GeneralCard,471;472,王异*魏国*wangyi,,扣减体力来阻止敌人对自己使用牌，能够将牌分配给队友，体力值越低越强。没有手牌时很脆弱。,
307,曹彰,1,魏,1,男,11,0,0,1,5,5,403070,43070100,69,GeneralCard,420,曹彰*魏国*caozhang,,面对不同的敌人时在攻击与防守状态中切换。防守时输出不足。,
308,钟会,1,魏,1,男,11,0,0,3,5,5,403080,53080100,1158,GeneralCard,438;439,钟会*魏国*zhonghui,,受伤后能够摸牌，积累较多的手牌，觉醒后可以让队友摸大量的牌。个人能力强。,
309,刘表,4,群,1,男,11,0,0,2,5,5,403090,53090100,70,GeneralCard,436;437,刘表*群雄*liubiao,,能够获得大量的手牌，能够积累大量的手牌。个人能力强。,
310,曹冲,1,魏,1,男,12,0,0,3,3,5,403100,53100100,1170,GeneralCard,441;442,曹冲*魏国*caochong,,受伤时获得大量的牌，通过装备牌帮助队友脱离困境。受到【寒冰剑】的针对。,
311,郭淮,1,魏,1,男,12,0,0,1,5,5,403110,53110100,68,GeneralCard,443,郭淮*魏国*guohuai,,多出牌就可以多摸牌。没有牌时很脆弱。,
312,满宠,1,魏,1,男,12,0,0,3,5,5,403120,53120100,1162,GeneralCard,444;445,满宠*魏国*manchong,,能够让敌人跳过回合，或让敌人弃牌使敌人变得脆弱。没有牌时很脆弱。,
313,关平,2,蜀,1,男,12,0,0,2,5,5,403130,53130100,145,GeneralCard,446,关平*蜀国*guanping,,能让自己和队友使用大量的【杀】，能够迅速杀死脆弱的角色。手牌越多越好。,
314,简雍,2,蜀,1,男,12,0,0,2,5,5,403140,53140100,72,GeneralCard,447;448,简雍*蜀国*jianyong,,能够更好地使用锦囊牌。自身很脆弱，会成为敌人优先攻击的目标。,
315,刘封,2,蜀,1,男,12,0,0,3,5,5,403150,53150100,72,GeneralCard,449,刘封*蜀国*liufeng,,抢夺敌人的牌来让敌人变得脆弱。受到【诸葛连弩】极大的威胁。,
316,潘璋马忠,3,吴,1,男,12,0,0,2,5,5,403160,53160100,67,GeneralCard,450;451,潘璋马忠*吴国*panzhangmazhong,,对攻击不到自己的敌人造成高额伤害，抢夺敌人的武器。没有牌时很脆弱。,
317,虞翻,3,吴,1,男,12,0,0,3,5,5,403170,43170100,280,GeneralCard,452;453,虞翻*吴国*yufan,,能够弃牌来控制牌堆顶的牌。会成为敌人优先攻击的目标，个人能力强。,
318,朱然,3,吴,1,男,12,0,0,1,5,5,403180,13180100,152,GeneralCard,454,朱然*吴国*zhuran,,回合内可以多次限制敌人，也可以多次帮助队友。没有牌时很脆弱，需要大量手牌。,
319,伏皇后,4,群,2,女,12,0,0,3,5,5,403190,53190200,138,GeneralCard,455;456,伏皇后*群雄*fuhuanghou,,对【杀】有较强的防御，将敌人拖下水。没有牌时很脆弱。,
320,李儒,4,群,1,男,12,0,0,3,5,5,403200,53200100,265,GeneralCard,750;751;752,李儒*群雄*liru,,通过锦囊牌使敌人变得脆弱，能够瞬间对全场角色造成大量伤害。自身很脆弱，会成为敌人优先攻击的目标。,
321,曹真,1,魏,1,男,13,0,0,1,5,5,403210,43210100,137,GeneralCard,477,曹真*魏国*caozhen,,使敌人不能使用牌，装备牌越多越好。,
322,韩浩史涣,1,魏,1,男,13,0,0,2,5,5,403220,53220100,137,GeneralCard,478;479,韩浩史涣*魏国*hanhaoshihuan,,能够转化【兵粮寸断】对敌人进行限制，能够解除其他武将的延时锦囊。没有牌时很脆弱。,
323,陈群,1,魏,1,男,13,0,0,2,5,5,403230,43230200,152,GeneralCard,480;481,陈群*魏国*chenqun,,既可以辅助队友摸牌，也可以针对敌人弃置牌，需要多种类型的手牌。,
324,吴懿,2,蜀,1,男,13,0,0,2,5,5,403240,53240100,65,GeneralCard,482,吴懿*蜀国*wuyi,,使用的牌越多攻击范围就越大。需要大量的手牌。,
325,周仓,2,蜀,1,男,13,0,0,2,3,5,403250,53250100,81,GeneralCard,483,周仓*蜀国*zhoucang,,能够将自己使用的【杀】和敌人使用的【闪】交给队友。需要武器牌提供攻击范围，需要较多的【杀】。,
326,张松,2,蜀,1,男,13,0,0,3,5,5,403260,53260100,148,GeneralCard,484;485,张松*蜀国*zhangsong,,通过使用牌来获得大量手牌，可以将手牌分配给队友。发动技能后变得脆弱，会成为敌人优先攻击的目标。,
327,孙鲁班,3,吴,2,女,13,0,0,2,5,5,403270,53270100,131,GeneralCard,486;487,孙鲁班*吴国*sunluban,,使用牌时能够将敌人拖下水。没有牌时很脆弱，会成为敌人优先攻击的目标。,
328,朱桓,3,吴,1,男,13,0,0,2,5,5,403280,43280100,584,GeneralCard,396;397,朱桓*吴国*zhuhuan,,夺走敌人的牌来使其脆弱，偷走【桃】等关键牌。输出能力较弱。,
329,顾雍,3,吴,1,男,13,0,0,2,5,5,403290,53290100,148,GeneralCard,489;490,顾雍*吴国*guyong,,弃掉无用的手牌来获得牌，调整手牌颜色使队友获得牌。自身很脆弱，会成为敌人优先攻击的目标。,
330,沮授,4,群,1,男,13,0,0,3,5,5,403300,63300100,134,GeneralCard,491;492,沮授*群雄*jushou,,按照顺序使用手牌来获得大量的手牌。手牌越多越好，受到【诸葛连弩】等额外伤害手段的针对。,
331,蔡夫人,4,群,2,女,13,0,0,2,5,5,403310,53310100,133,GeneralCard,493;494,蔡夫人*群雄*caifuren,,回合外获得大量手牌，能够通过技能让队友对多名角色直接造成伤害。受到【乐不思蜀】的限制。,
332,曹叡,1,魏,1,男,14,0,1,3,5,5,403320,53320100,1170,GeneralCard,730;731;732,曹叡*魏国*caorui,,能够将手牌交给队友，让队友多使用【杀】。依赖队友，受到【古锭刀】的针对。,强力主公
333,曹休,1,魏,1,男,14,0,0,2,5,5,403330,53330300,65,GeneralCard,760;761,曹休*魏国*caoxiu,,能够造成高额伤害，体力越少攻击范围越大。武器牌和【杀】越多越好。,
334,钟繇,1,魏,1,男,14,0,0,3,3,5,403340,53340500,273,GeneralCard,734;735,钟繇*魏国*zhongyao,,能够转化所有基本牌，队友受到攻击时保护队友。没有牌时很脆弱，会成为敌人优先攻击的目标。,
335,刘谌,2,蜀,1,男,14,0,1,2,5,5,403350,53350100,133,GeneralCard,736;737,刘谌*蜀国*liuchen,,能够转化【决斗】，能够轻易杀死脆弱的角色。发动技能后自己变得脆弱。,
336,夏侯氏,2,蜀,2,女,14,0,0,3,5,5,403360,53360100,148,GeneralCard,738;739,夏侯氏*蜀国*xiahoushi,,能够让队友获得大量的手牌。自身很脆弱，会成为敌人优先攻击的目标。,
337,张嶷,2,蜀,1,男,14,0,0,1,3,5,403370,53370100,137,GeneralCard,740;741,张嶷*蜀国*zhangyi,,与对手进行心理战来使敌人变得脆弱。体力值为1时很脆弱。,
338,孙休,3,吴,1,男,14,0,1,2,5,5,403380,53380100,152,GeneralCard,742;743;744,孙休*吴国*sunxiu,,弃置敌人的牌使其变得脆弱，能够帮助队友调整手牌。自身很脆弱，会成为敌人优先攻击的目标。,
339,朱治,3,吴,1,男,14,0,0,3,5,5,403390,43390100,76,GeneralCard,745,朱治*吴国*zhuzhi,,能够控制其他角色的武器牌来获得牌。输出能力较弱。,
340,全琮,3,吴,1,男,14,0,0,1,3,5,403400,43400100,1112,GeneralCard,759,全琮*吴国*quancong,,能够弃置敌人的牌使其变得脆弱，能够让队友获得较多的牌。没有牌时很脆弱。,
341,公孙渊,4,群,1,男,14,0,0,2,5,5,403410,53410100,136,GeneralCard,747,公孙渊*群雄*gongsunyuan,,抢夺敌人的牌来让敌人变得脆弱。没有牌时很脆弱。,
342,郭图逢纪,4,群,1,男,14,0,0,3,5,5,403420,53420100,134,GeneralCard,748;749,郭图逢纪*群雄*guotufengji,,在回合内获得大量的牌，通过进攻敌人来获得奖励。没有牌时很脆弱。,
400,张星彩,2,蜀,2,女,18,0,0,3,5,5,404000,54000200,69,GeneralCard,226;227,张星彩*蜀国*zhangxingcai,,,
401,吴苋,2,蜀,2,女,18,0,0,3,5,5,404010,54010100,266,GeneralCard,778;779,吴苋*蜀国*wuxian,,,
402,孙登,3,吴,1,男,18,0,0,2,5,5,404020,54020100,88,GeneralCard,766,孙登*吴国*sundeng,,,
404,曹昂,1,魏,1,男,18,0,0,3,4,5,404040,54040100,82,GeneralCard,225,曹昂*魏国*caoang,,,
405,诸葛诞,1,魏,1,男,18,0,0,2,3,5,404050,54050100,70,GeneralCard,232;233,诸葛诞*魏国*zhugedan,,,
406,刘协,4,群,1,男,18,0,0,3,5,5,404060,54060100,146,GeneralCard,604;605,刘协*群雄*liuxie,,,
407,曹节,4,群,2,女,18,0,0,3,3,5,404070,54070100,146,GeneralCard,782;783,曹节*群雄*caojie,,,
408,董允,2,蜀,1,男,19,0,0,3,5,5,404080,54080200,152,GeneralCard,358;359,董允*蜀国*dongyun,,,
409,诸葛瑾,3,吴,1,男,19,0,0,3,5,5,404090,54090200,152,GeneralCard,501;502;503,诸葛瑾*吴国*zhugejin,,,
410,严畯,3,吴,1,男,19,0,0,2,3,5,404100,34100100,276,GeneralCard,797;2706,严畯*吴国*yanjun,,,
411,李典,1,魏,1,男,19,0,0,3,5,5,404110,54110100,148,GeneralCard,725;2704,李典*魏国*lidian,,,
412,司马朗,1,魏,1,男,19,0,0,2,3,5,404120,54120100,144,GeneralCard,269;270,司马朗*魏国*simalang,,,
413,杜畿,1,魏,1,男,19,0,0,2,3,5,404130,44130100,82,GeneralCard,799;800,杜畿*魏国*duji,,,
414,刘焉,4,群,1,男,19,0,0,3,5,5,404140,34140100,261,GeneralCard,801;802,刘焉*群雄*liuyan,,,
415,张鲁,4,群,1,男,19,0,0,3,5,5,404150,54150100,134,GeneralCard,259;260;261,张鲁*群雄*zhanglu,,,
416,孙乾,2,蜀,1,男,20,0,0,2,5,5,404160,54160100,148,GeneralCard,378;379,孙乾*蜀国*sunqian,,,
417,秦宓,2,蜀,1,男,20,0,0,3,5,5,404170,54170300,267,GeneralCard,790;791;792,秦宓*蜀国*qinmi,,,
418,薛综,3,吴,1,男,20,0,0,3,3,5,404180,54180100,140,GeneralCard,793;794,薛综*吴国*xuezeng,,,上手简单
419,潘濬,3,吴,1,男,20,0,0,2,5,5,404190,54190100,82,GeneralCard,803;804,潘濬*吴国*panrui,,,
420,戏志才,1,魏,1,男,20,0,0,3,5,5,404200,54200100,280,GeneralCard,51;376;377,戏志才*魏国*xizhicai,,,
421,郭皇后,1,魏,2,女,20,0,0,2,5,5,404210,54210100,1283,GeneralCard,763;762,郭皇后*魏国*guohuanghou,,,
422,王粲,4,群,1,男,20,0,0,2,5,5,404220,44220100,134,GeneralCard,805;806;807,王粲*群雄*wangcan,,,
423,蔡邕,4,群,1,男,20,0,0,2,5,5,404230,54230100,134,GeneralCard,795;796,蔡邕*群雄*caiyong,,,
424,孙尚香,2,蜀,2,女,21,0,0,3,5,5,404240,64240100,84,GeneralCard,250;251,孙尚香*蜀国*shusunshangxiang,,,
425,徐庶,2,蜀,1,男,21,0,0,2,3,5,404250,54250100,82,GeneralCard,462;463,徐庶*蜀国*shuxushu,,,
426,庞统,3,吴,1,男,21,0,0,2,3,5,404260,44260100,149,GeneralCard,808;809,庞统*吴国*wupangtong,,,
427,庞德,1,魏,1,男,21,0,0,1,3,5,404270,44270100,73,GeneralCard,282;70,庞德*魏国*weipangde,,,
428,蔡文姬,1,魏,2,女,21,0,0,3,5,5,404280,54280100,145,GeneralCard,264;265,蔡文姬*魏国*weicaiwenji,,,
429,姜维,1,魏,1,男,21,0,0,2,3,5,404290,54290100,70,GeneralCard,255;257,姜维*魏国*weijiangwei,,,
430,黄月英,4,群,2,女,21,0,0,2,5,5,404300,54300100,134,GeneralCard,271;272,黄月英*群雄*qunhuangyueying,,,
431,太史慈,4,群,1,男,21,0,0,1,5,5,404310,44310100,73,GeneralCard,811,太史慈*群雄*quntaishici,,,
432,李严,2,蜀,1,男,22,0,0,3,3,5,404320,54320100,136,GeneralCard,2703;765,李严*蜀国*liyan,,,
433,糜竺,2,蜀,1,男,22,0,0,3,5,5,404330,54330200,148,GeneralCard,291;292,糜竺*蜀国*mizhu,,,
434,马忠,2,蜀,1,男,22,0,0,1,5,5,404340,54340100,84,GeneralCard,360,马忠*蜀国*mazhong,,,
435,周鲂,3,吴,1,男,22,0,0,2,3,5,404350,54350100,96,GeneralCard,812;488,周鲂*吴国*zhoufang,,,
436,贺齐,3,吴,1,男,22,0,0,2,3,5,404360,44360100,288,GeneralCard,356;357,贺齐*吴国*heqi,,,
437,文聘,1,魏,1,男,22,0,0,2,3,5,404370,44370100,136,GeneralCard,248,文聘*魏国*wenpin,,,
438,吕岱,3,吴,1,男,22,0,0,2,5,5,404380,54380100,67,GeneralCard,813,吕岱*吴国*ludai,,,
439,刘繇,4,群,1,男,22,0,0,2,3,5,404390,54390100,81,GeneralCard,814,刘繇*群雄*liuyao,,,
440,马云騄,2,蜀,2,女,23,0,0,2,5,5,404400,64400100,69,GeneralCard,2707;70,马云騄*蜀国*mayunlu,,,
441,关银屏,2,蜀,2,女,23,0,0,3,5,5,404410,64410100,1153,GeneralCard,215;216;217,关银屏*蜀国*guanyinping,,,
442,祖茂,3,吴,1,男,23,0,0,2,3,5,404420,44420100,84,GeneralCard,228;229,祖茂*吴国*zumao,,,
443,徐氏,3,吴,2,女,23,0,0,3,5,5,404430,54430100,133,GeneralCard,780;781,徐氏*吴国*xushi,,,
444,吕虔,1,魏,1,男,23,0,0,3,5,5,404440,54440100,1108,GeneralCard,815;816,吕虔*魏国*luqian,,,
445,张梁,4,群,1,男,23,0,0,1,3,5,404450,44450100,132,GeneralCard,817;818,张梁*群雄*zhangliang,,,
446,蹋顿,4,群,1,男,23,0,0,2,5,5,404460,44460100,129,GeneralCard,275,蹋顿*群雄*tadun,,,
447,公孙瓒,4,群,1,男,23,0,0,1,5,5,404470,54470100,1610,GeneralCard,204;729,公孙瓒*群雄*gongsunzan,,,
500,关索,2,蜀,1,男,25,0,0,4,0,5,405000,0,69,GeneralCard,278;279,关索*蜀国*guansuo,,,
501,赵襄,2,蜀,2,女,25,0,0,4,0,5,405010,0,191,HuaShenGeneralCard,298;299,赵襄*蜀国*zhaoxiang,,,
502,诸葛果,2,蜀,2,女,62,0,0,4,5,5,405020,55020200,68,GeneralCard,11001;11002,诸葛果*蜀国*zhugeguo,,,
503,孙皓,3,吴,1,男,63,0,1,4,5,5,405030,55030100,132,GeneralCard,252;253;254,孙皓*吴国*sunhao,,,
504,诸葛恪,3,吴,1,男,61,0,0,4,5,5,405040,55040100,131,GeneralCard,221;222,诸葛恪*吴国*zhugeke,,,
505,程昱,1,魏,1,男,60,0,0,4,5,5,405050,35050100,138,GeneralCard,234;235,程昱*魏国*chengyu,,,
506,陈琳,1,魏,1,男,61,0,0,4,5,5,405060,55060100,268,GeneralCard,212;213,陈琳*魏国*chenlin,,,
507,杨修,1,魏,1,男,61,0,0,4,0,5,405070,0,138,GeneralCard,205;206,杨修*魏国*yangxiu,,,
508,王朗,1,魏,1,男,71,0,0,4,0,5,405080,0,76,GeneralCard,280;281,王朗*魏国*wanglang,,,
509,兀突骨,4,群,1,男,58,0,0,4,5,5,405090,35090100,70,GeneralCard,267;268,兀突骨*群雄*wutugu,,,
510,士燮,4,群,1,男,63,0,0,4,0,5,405100,0,82,GeneralCard,262;263,士燮*群雄*shixie,,,
511,张宝,4,群,1,男,59,0,0,4,3,5,405110,55110100,73,GeneralCard,223;224,张宝*群雄*zhangbao,,,
513,王允,4,群,1,男,60,0,0,4,3,5,405130,15130100,1312,GeneralCard,365;366,王允*群雄*wangyun,,,
514,司马徽,4,群,1,男,59,0,0,4,0,5,405140,0,147,GeneralCard,386;387;388,司马徽*群雄*simahui,,,
515,鲍三娘,2,蜀,2,女,25,0,0,4,0,5,405150,0,69,GeneralCard,383;384,鲍三娘*蜀国*baosanniang,,,
516,徐荣,4,群,1,男,25,0,0,4,5,5,405160,55160100,137,GeneralCard,826;827,徐荣*群雄*xurong,,,
517,大乔小乔,3,吴,2,女,64,0,0,4,5,5,405170,35170100,131,GeneralCard,219;220,大乔小乔*吴国*daqiaoxiaoqiao,,,强力进攻
518,曹婴,1,魏,2,女,25,0,0,4,5,5,405180,35180100,577,GeneralCard,392;393,曹婴*魏国*caoying,,,
519,马超,4,群,1,男,64,0,0,4,5,5,405190,45190100,65,GeneralCard,2814;2815,马超*群雄*qunmachao,,,
520,曹纯,1,魏,1,男,25,0,0,4,0,5,405200,0,69,GeneralCard,394,曹纯*魏国*caochun,,,
521,蒋干,1,魏,1,男,60,0,0,4,5,5,405210,15210100,73,GeneralCard,398;399,蒋干*魏国*jianggan,,,
522,文鸯,1,魏,1,男,58,0,0,4,0,5,405220,0,133,GeneralCard,850;851,文鸯*魏国*wenyang,,,
523,夏侯霸,2,蜀,1,男,58,0,0,4,3,5,405230,55230100,137,GeneralCard,218,夏侯霸*蜀国*xiahouba,,,
524,赵云,4,群,1,男,64,0,0,4,5,5,405240,55240100,74,GeneralCard,37;208,赵云*群雄*qunzhaoyun,,,攻守兼备
525,花鬘,2,蜀,2,女,62,0,0,4,5,5,405255,15250100,160,GeneralCard,854;855;856;857,花鬘*蜀国*huaman,,,
526,皇甫嵩,4,群,1,男,58,0,0,4,5,5,405260,15260100,129,GeneralCard,684,皇甫嵩*群雄*huangfusong,,,
527,刘琦,4,群,1,男,60,0,0,4,0,5,405270,0,140,GeneralCard,859;860,刘琦*群雄*liuqi,,出牌阶段没对其他角色用牌可以大量过牌,
528,辛宪英,1,魏,2,女,62,0,0,4,5,5,405280,55280200,138,GeneralCard,776;777,辛宪英*魏国*xinxianying,,,
529,王双,1,魏,1,男,58,0,0,4,5,5,405290,15290100,65,GeneralCard,861,王双*魏国*wangshuang,,杀别人可能秒杀也可能自损体力，最好有队友配合改判,
530,留赞,3,吴,1,男,58,0,0,4,5,5,405300,45300100,65,GeneralCard,862;863,留赞*吴国*liuzan,,用不同花色的牌可以摸牌，可以弃牌对敌人造成伤害,
532,关羽,1,魏,1,男,45,0,0,3,0,5,405320,0,65,GeneralCard,685;207,关羽*魏国*weiguanyu,,,
533,张让,4,群,1,男,37,0,0,3,5,5,405330,45330200,256,GeneralCard,775,张让*群雄*zhangrang,,可以任意使用牌然后找别人要牌或减体力。,
534,韩遂,4,群,1,男,36,0,0,3,5,5,405340,45340100,65,GeneralCard,883;884,韩遂*群雄*hansui,,韩遂需要尽快扩大自己的攻击范围和距离，留一些装备牌。,
535,何进,4,群,1,男,37,0,0,3,3,5,405350,15350100,128,GeneralCard,885;899,何进*群雄*hejin,,可以拿别人的手牌并可能被【杀】。,
536,刘宏,4,群,1,男,36,0,0,3,5,5,405360,15360100,145,GeneralCard,886;887,刘宏*群雄*liuhong,,,
537,朱儁,4,群,1,男,36,0,0,3,5,5,405370,55370100,524,GeneralCard,888;889,朱儁*群雄*zhujun,,,
538,郭照,1,魏,2,女,65,0,0,4,0,5,405380,0,12,GeneralCard,912;913,郭照*魏国*guozhao,,用不同花色的牌可以摸牌，可以弃牌对敌人造成伤害,强力爆发
539,董白,4,群,2,女,35,0,0,3,5,5,405390,55390100,264,GeneralCard,293;294,董白*群雄*dongbai,,交给其他角色牌可以获得收益，其他角色受伤前不能使用你交给其的牌,
540,樊玉凤,4,群,2,女,65,0,0,4,0,5,405400,0,264,GeneralCard,922;923,樊玉凤*群雄*fanyufeng,,交给其他角色牌可以获得收益，其他角色受伤前不能使用你交给其的牌,强力辅助
541,阮瑀,1,魏,1,男,65,0,0,4,5,5,405410,15410100,136,GeneralCard,928;929,阮瑀*魏国*ruanyu,,,印卡强将
542,陆郁生,3,吴,2,女,57,0,0,3,5,5,405420,120880100,152,GeneralCard,2170;1803,陆郁生*吴国*luyusheng,,成为基本牌或普通锦囊牌的目标后可以限制对方继续使用。,
543,杨婉,2,蜀,2,女,65,0,0,4,5,5,405430,55430100,148,GeneralCard,1812;1813,杨婉*蜀国*yangwan,,弃牌的花色越少，可以摸的牌越多,强力防御
544,何晏,1,魏,1,男,35,0,0,3,0,5,405440,0,138,GeneralCard,1814;1815,何晏*魏国*heyan,,受到伤害后，可以令伤害来源受到限制,
545,张虎,1,魏,1,男,44,0,0,4,0,5,405450,0,130,GeneralCard,1821;1822,张虎*魏国*zhanghu,,可以获得他人的闪和防具牌,
546,潘淑,3,吴,2,女,65,0,0,4,0,5,405460,0,144,GeneralCard,1823;1824,潘淑*吴国*panshu,,可以令其他角色摸牌或回复体力,强力爆发
547,杜夫人,1,魏,2,女,45,0,0,3,5,5,405470,15470100,148,GeneralCard,1825;1826,杜夫人*魏国*dufuren,,其他角色获得你的牌后，可以获得不同效果,
548,阚泽,3,吴,1,男,46,0,0,3,3,5,405480,15480100,144,GeneralCard,361;362,阚泽*吴国*kanze,,可以令一名角色受到第2点伤害后，回复1点体力,
549,吕玲绮,4,群,2,女,44,0,0,4,0,5,405490,0,261,GeneralCard,1827;1828,吕玲绮*群雄*lvlingqi,,根据展示的手牌类型获得不同效果,强力进攻
550,周夷,3,吴,2,女,49,0,0,4,0,5,405500,0,69,GeneralCard,1830;1831,周夷*吴国*zhouyi,,若本回合未对其他人造成伤害，则可以对其他所有人造成伤害,
551,南华老仙,4,群,1,男,47,0,0,4,0,5,405510,0,80,GeneralCard,1833;1834,南华老仙*群雄*nanhualaoxian,,可以令其他角色获得技能,
552,童渊,4,群,1,男,47,0,0,4,0,5,405520,0,129,GeneralCard,1842;1843,童渊*群雄*tongyuan,,可以弃置牌多摸牌或增加伤害,传递技能
553,张宁,4,群,2,女,47,0,0,3,0,5,405530,0,129,GeneralCard,1845;1846,张宁*群雄*zhangning,,其他角色使用或判定为黑桃时，你获得相应效果,
554,刘永,2,蜀,1,男,44,0,0,3,5,5,405540,15540100,144,GeneralCard,1847;1848,刘永*蜀国*liuyong,,可以给其他角色牌来获得不同效果,
555,曹金玉,1,魏,2,女,66,0,0,4,5,5,405550,15550100,1306,GeneralCard,1861;1862;1863,曹金玉*魏国*caojinyu,,一定距离内的角色受伤时可以摸牌，存活越久越强,
556,庞德公,4,群,1,男,47,0,0,4,0,5,405560,0,160,GeneralCard,1864;1865,庞德公*群雄*pangdegong,,可以传递手牌并转化基本牌,
557,贾诩,1,魏,1,男,46,0,0,4,0,5,405570,0,83,GeneralCard,283;284;285,贾诩*魏国*jiaxu,,免疫绝大多数控制,
558,祢衡,4,群,1,男,57,0,0,3,5,5,405580,120920100,69,GeneralCard,1869;1870,祢衡*群雄*miheng,,具有极高的用牌能力,
559,孙翊,3,吴,1,男,66,0,0,4,0,5,405590,0,160,GeneralCard,1877;1878,孙翊*吴国*sunyi,,需要根据局势控制用牌,
560,冯妤,4,群,2,女,66,0,0,4,0,5,405600,0,144,GeneralCard,1888;1889,冯妤*群雄*fengyu,,需要分辨敌友,
561,曹髦,1,魏,1,男,63,0,1,4,5,5,405610,15610100,144,GeneralCard,843;844;845;846,曹髦*魏国*caomao,,爆发力极强,强力主公
562,来莺儿,4,群,2,女,66,0,0,4,5,5,405620,15620100,144,GeneralCard,932;933,来莺儿*群雄*laiyinger,,需要持续存活,改变技能
563,吉平,4,群,1,男,56,0,0,3,5,5,405630,15630100,144,GeneralCard,847;848;849,吉平*群雄*jiping,,爆发力极强,强力进攻
564,曹华,1,魏,2,女,66,0,0,4,0,5,405640,0,96,GeneralCard,1915;1916,曹华*魏国*caohua,,技能特别对称,
565,刘徽,4,群,1,男,71,0,0,4,0,5,405650,0,68,GeneralCard,1986;1987;1988,刘徽*群雄*liuhui,,弃牌堆牌越多越强,
566,卢弈,4,群,2,女,49,0,0,4,0,5,405660,0,76,GeneralCard,2005;2002,卢弈*群雄,,,
567,孙翎鸾,3,吴,2,女,49,0,0,4,5,5,405670,15670100,84,GeneralCard,2480;2481,孙翎鸾*吴国,,,
568,曹轶,1,魏,2,女,49,0,0,4,0,5,405680,0,69,GeneralCard,2561;2562,曹轶*魏国,,,
580,甄姬,4,群,2,女,64,0,0,4,0,5,405800,0,140,GeneralCard,2636;2637,甄姬*群雄,,,
581,庞凤衣,2,蜀,2,女,49,0,0,4,0,5,405810,0,88,GeneralCard,2756;2757,庞凤衣*蜀国,,,
582,郭缇萦,1,魏,2,女,49,0,0,4,0,5,405820,0,268,GeneralCard,3740;3741,郭缇萦*魏国,,,
600,李傕,4,群,1,男,26,0,0,3,5,5,406000,56000300,65,GeneralCard,819;820,李傕*群雄*lijue,,,
601,郭汜,4,群,1,男,26,0,0,3,5,5,406010,56010100,137,GeneralCard,821;822,郭汜*群雄*guosi,,,
602,樊稠,4,群,1,男,26,0,0,3,5,5,406020,66020166,65,GeneralCard,823,樊稠*群雄*fanchou,,,
603,张济,4,群,1,男,26,0,0,3,5,5,406030,56030200,149,GeneralCard,824;825,张济*群雄*zhangji,,,
604,梁兴,4,群,1,男,26,0,0,3,5,5,406040,16040100,141,GeneralCard,834;835,梁兴*群雄*liangxing,,,
605,唐姬,4,群,2,女,26,0,0,3,0,5,406050,0,144,GeneralCard,836;837,唐姬*群雄*tangji,,,
606,何太后,4,群,2,女,37,2060,0,2,0,5,406060,0,261,GeneralCard,240;838,何太后*群雄*hetaihou,,,
607,段煨,4,群,1,男,26,0,0,3,5,5,406070,56070200,67,GeneralCard,840,段煨*群雄*duanwei,,,
608,张横,4,群,1,男,26,0,0,3,0,5,406080,0,144,GeneralCard,841;842,张横*群雄*zhangheng,,,
609,冯方,4,群,1,男,37,0,0,3,5,5,406090,16090100,136,GeneralCard,1940;1941,冯方*群雄*fengfang,,能限制别人出牌,
610,牛辅,4,群,1,男,26,0,0,4,0,5,406100,0,77,GeneralCard,1957;1958,牛辅*群雄*niufu,,能让所有角色技能失效,
611,董翓,4,群,2,女,26,0,0,4,0,5,406110,0,69,GeneralCard,2454;2455,董翓*群雄*dongxie,,,
650,沙摩柯,2,蜀,1,男,30,0,0,3,5,5,406500,16500100,65,GeneralCard,828,沙摩柯*蜀国*shuguo,,,
651,忙牙长,4,群,1,男,30,0,0,3,5,5,406510,36510100,137,GeneralCard,829,忙牙长*群雄*mangyachang,,,
652,许贡,3,吴,1,男,30,0,0,3,5,5,406520,16520100,65,GeneralCard,830;831,许贡*吴国*xugong,,,
653,张昌蒲,1,魏,2,女,30,0,0,4,5,5,406530,56530300,149,GeneralCard,832;833,张昌蒲*魏国*zhangchangpu,,,
654,崔烈,4,群,1,男,30,0,0,3,0,5,406540,0,136,GeneralCard,3761;3762,崔烈*群雄,,,
700,张恭,1,魏,1,男,27,0,0,3,5,5,407000,37000100,140,GeneralCard,1312;1313,张恭*群雄*zhanggong,,,
701,吕凯,2,蜀,1,男,27,0,0,3,5,5,407010,17010100,148,GeneralCard,1314;2705,吕凯*群雄*lvkai,,,
702,卫温诸葛直,3,吴,1,男,27,0,0,3,3,5,407020,17020100,132,GeneralCard,1316,卫温*诸葛直*群雄*weiwen*zhugezhi,,,
703,卑弥呼,4,群,2,女,27,0,0,3,5,5,407030,47030100,300,GeneralCard,1317;1318;1319,卑弥呼*群雄*beimihu,,,
704,张琪瑛,4,群,2,女,25,0,0,4,5,5,407040,17040100,288,GeneralCard,3503;3504;3505,张琪瑛*群雄*zhangqiying,,,
801,蒲元,2,蜀,1,男,59,0,0,4,5,5,408010,58010100,144,GeneralCard,870;871,蒲元*蜀国*puyuan,,,
802,管辂,1,魏,1,男,59,0,0,4,0,5,408020,0,288,GeneralCard,877;878;879,管辂*魏国*guanlu,,,
803,葛玄,3,吴,1,男,59,0,0,4,0,5,408030,0,160,GeneralCard,880;881,葛玄*吴国*gexuan,,,
804,许劭,4,群,1,男,36,0,0,4,0,5,408040,0,288,GeneralCard,882,许劭*群雄*xushao,,,
805,杜夔,1,魏,1,男,59,0,0,4,5,5,408050,18050100,288,GeneralCard,1959;1960,杜夔*魏国*dukui,,可以检索牌堆,
806,朱建平,4,群,1,男,59,0,0,4,0,5,408060,0,76,GeneralCard,1972;1973,朱建平*群雄*zhujianping,,可以控制一种花色的使用,
850,辛毗,1,魏,1,男,32,0,0,2,3,5,408500,18500100,146,GeneralCard,1715;1716,辛毗*魏国*xinpi,,,
851,伊籍,2,蜀,1,男,32,0,0,3,0,5,408510,0,144,GeneralCard,1717;1718,伊籍*蜀国*yiji,,,
852,张温,3,吴,1,男,32,0,0,3,0,5,408520,0,276,GeneralCard,1719;1720,张温*吴国*zhangwen,,,
853,李肃,4,群,1,男,32,0,0,3,5,5,408530,18530100,258,GeneralCard,1721;1722,李肃*群雄*lisu,,,
950,潘凤,4,群,1,男,34,2058,0,3,0,5,409500,0,72,GeneralCard,181,潘凤*群雄*panfeng,,,双刀强将
951,邢道荣,4,群,1,男,34,0,0,3,3,5,409510,19510100,0,GeneralCard,182,邢道荣*群雄*xingdaorong,,,强力控制
952,曹性,4,群,1,男,34,0,0,3,5,5,409520,49520100,73,GeneralCard,867;868,曹性*群雄*caoxing,,,强力进攻
953,淳于琼,4,群,1,男,34,0,0,3,3,5,409530,19530100,73,GeneralCard,914;915;916,淳于琼*群雄*chunyuqiong,,淳于琼害怕受到火焰伤害。,强力辅助
954,夏侯杰,1,魏,1,男,34,0,0,3,5,5,409540,19540100,66,GeneralCard,926;927,夏侯杰*魏国*xiahoujie,,,强力爆发
955,蔡阳,1,魏,1,男,34,0,0,3,3,5,409550,19550100,265,GeneralCard,1966;1967,蔡阳*魏国*caiyang,,需要预判局势,
956,周善,3,吴,1,男,34,0,0,3,5,5,409560,19560100,134,GeneralCard,2407;2408,周善*吴国,,,
980,雷铜,2,蜀,1,男,58,0,0,4,5,5,409800,49800100,1,GeneralCard,891,雷铜*蜀国*leitong,,可以通过断粮自己摸牌并对敌人造成伤害，将敌人打入濒死还能回血。,
981,吴兰,2,蜀,1,男,58,0,0,4,3,5,409810,19810100,8,GeneralCard,892,吴兰*蜀国*wulan,,可以通过弃置己方区域内的牌然后弃置敌方的装备或者获得敌方的手牌。,
999,黄舞蝶,2,蜀,2,女,44,0,0,4,0,5,409990,0,129,GeneralCard,2725;2726,黄舞蝶*蜀国,,,
1000,孙鲁育,3,吴,2,女,35,0,0,3,5,5,4010000,110000100,131,GeneralCard,246;247,孙鲁育*吴国*sunluyu,,使用牌时能够将敌人拖下水。没有牌时很脆弱，会成为敌人优先攻击的目标。,
1003,华歆,1,魏,1,男,57,2086,0,3,0,5,4010030,0,146,GeneralCard,1810;1811,华歆*魏国*huaxin,,,
1004,万年公主,4,群,2,女,44,0,0,3,0,5,4010040,0,144,GeneralCard,1849;1850,万年公主*群雄*wanniangongzhu,,可以令一名角色增加攻击范围,
1005,荀谌,4,群,1,男,57,0,0,3,5,5,4010050,610050100,65,GeneralCard,1851;1852,荀谌*群雄*xunchen,,可以和其他角色拼点来获得牌,
1006,陈登,4,群,1,男,46,0,0,4,5,5,4010060,110060100,72,GeneralCard,1853;1854;1855,陈登*群雄*chendeng,,可以弃置手牌令收到的伤害减少,
1007,滕公主,3,吴,2,女,44,0,0,4,5,5,4010070,110070100,134,GeneralCard,1856;1857,滕公主*吴国*tenggongzhu,,牌堆洗牌会带来更高的防御力,
1008,黄皓,2,蜀,1,男,50,0,0,3,3,5,4010080,110080100,138,GeneralCard,1858;1859;1860,黄皓*蜀国*huanghao,,被刻意针对时具有较高防御力,
1009,蔡瑁张允,1,魏,1,男,46,0,0,3,3,5,4010090,110090100,271,GeneralCard,1891;1892,蔡瑁张允*魏国*caimaozhangyun,,对于牌序要求极高,
1010,王桃,2,蜀,2,女,35,0,0,3,5,5,4010100,110100100,86,GeneralCard,1866;1867,王桃*蜀国*wangtao,,需要队友有配合意识,
1011,王悦,2,蜀,2,女,35,0,0,3,5,5,4010110,110110100,86,GeneralCard,1866;1868,王悦*蜀国*wangyue,,需要队友有配合意识,
1012,赵嫣,3,吴,2,女,35,0,0,3,0,5,4010120,0,160,GeneralCard,1879;1880,赵嫣*吴国*zhaoyan,,需要根据局势随机应变,
1013,冯熙,3,吴,1,男,57,0,0,3,5,5,4010130,120940100,144,GeneralCard,1881;1882,冯熙*吴国*fengxi,,成为黑色牌的目标后可以令其弃牌或失去体力。,
1014,邓芝,2,蜀,1,男,57,0,0,3,5,5,4010140,420950200,80,GeneralCard,1883;1884,邓芝*蜀国*dengzhi,,,
1015,高览,4,群,1,男,46,0,0,4,3,5,4010150,110150100,277,GeneralCard,1893,高览*群雄*gaolan,,需要根据局势选择进攻或辅助打法,双刀进攻
1016,滕胤,3,吴,1,男,35,0,0,3,0,5,4010160,0,160,GeneralCard,1904;1905,滕胤*吴国*tengyin,,需要随机应变,
1017,张嫙,3,吴,2,女,35,0,0,4,0,5,4010170,0,133,GeneralCard,1929;1930,张嫙*吴国*zhangxuan,,一张牌可以结算多次,
1018,夏侯令女,1,魏,2,女,35,0,0,4,0,5,4010180,0,96,GeneralCard,1917;1918,夏侯令女*魏国*xiahoulingnv,,可以转化被用过的牌,
1019,孙茹,3,吴,2,女,35,0,0,4,0,5,4010190,0,84,GeneralCard,1932;1933,孙茹*吴国*sunru,,可以重复使用伤害牌,
1020,蒯祺,1,魏,1,男,35,0,0,3,0,5,4010200,0,146,GeneralCard,2537;2538,蒯祺*魏国,,,
1021,庞山民,1,魏,1,男,35,0,0,3,0,5,4010210,0,68,GeneralCard,2539;2540,庞山民*魏国,,,
1022,夏侯玄,1,魏,1,男,35,0,0,4,0,5,4010220,0,160,GeneralCard,2823;2824;2825,夏侯玄*魏国,,,
1031,尹夫人,1,魏,2,女,46,0,0,3,0,5,4010310,0,88,GeneralCard,1946;1947,尹夫人*魏国*yinfuren,,可以给队友永久增益,
1032,吕旷吕翔,1,魏,1,男,46,0,0,3,0,5,4010320,0,140,GeneralCard,1953;1954,吕旷吕翔*魏国*lvkuanglvxiang,,可以获得场上牌,
1033,陈珪,4,群,1,男,46,0,0,3,5,5,4010330,410330100,76,GeneralCard,1974;1975,陈珪*群雄*chengui,,能影响上下家的摸牌,
1034,陈矫,1,魏,1,男,46,0,0,3,0,5,4010340,0,282,GeneralCard,2008;2009;2010,陈矫*魏国,,,
1035,秦朗,1,魏,1,男,46,0,0,4,0,5,4010350,0,134,GeneralCard,2402;2403,秦朗*魏国,,,
1036,董昭,1,魏,1,男,46,0,0,3,0,5,4010360,0,82,GeneralCard,2518;2519,董昭*魏国,,,
1037,马邈,2,蜀,1,男,46,0,0,3,0,5,4010370,0,129,GeneralCard,3513;3514,马邈*蜀国,,,
1050,刘辩,4,群,1,男,63,0,1,4,0,5,4010500,0,134,GeneralCard,869;897;898,刘辩*群雄*liubian,,被别人指定为目标可以摸牌。,强力主公
1051,丁原,4,群,1,男,38,0,0,3,5,5,4010510,510510100,72,GeneralCard,904;905,丁原*群雄*dingyuan,,,
1052,王荣,4,群,2,女,38,0,0,4,0,5,4010520,0,148,GeneralCard,907;908;909,王荣*群雄*wangrong,,,
1053,麴义,4,群,1,男,38,0,0,3,5,5,4010530,510530100,65,GeneralCard,374;375,麴义*群雄*quyi,,,
1054,韩馥,4,群,1,男,38,0,0,3,5,5,4010540,110540100,148,GeneralCard,910;911,韩馥*群雄*hanfu,,,
1055,陶谦,4,群,1,男,41,0,0,3,3,5,4010550,110550100,144,GeneralCard,917;918;919,陶谦*群雄*taoqian,,,
1056,曹嵩,1,魏,1,男,41,0,0,3,5,5,4010560,110560100,130,GeneralCard,920;921,曹嵩*魏国*caosong,,,
1057,赵忠,4,群,1,男,37,0,0,3,3,5,4010570,110570100,148,GeneralCard,924;925,赵忠*群雄*zhaozhong,,,
1058,张邈,4,群,1,男,41,0,0,3,5,5,4010580,110580100,133,GeneralCard,1800;1801,张邈*群雄*zhangmiao,,,
1059,牛金,1,魏,1,男,42,0,0,3,5,5,4010590,110590100,144,GeneralCard,1804;1805,牛金*群雄*niujin,,,
1060,董承,4,群,1,男,43,0,0,4,0,5,4010600,0,136,GeneralCard,1806,董承*群雄*dongcheng,,,
1061,胡车儿,4,群,1,男,43,0,0,3,3,5,4010610,110610100,136,GeneralCard,1807;1808,胡车儿*群雄*hucheer,,,
1062,糜芳傅士仁,2,蜀,1,男,42,0,0,3,0,5,4010620,0,129,GeneralCard,1809,糜芳傅士仁*蜀国*mifangfushiren,,,
1065,丘力居,4,群,1,男,41,0,0,3,3,5,4010650,110650100,144,GeneralCard,1816;1817,丘力居*群雄*qiuliju,,死亡时，可以将部分手牌交给队友,
1070,邹氏,4,群,2,女,43,2059,0,2,0,5,4010700,0,264,GeneralCard,1818;1819,邹氏*群雄*zoushi,,,
1071,曹安民,1,魏,1,男,43,0,0,3,0,5,4010710,0,132,GeneralCard,1820,曹安民*魏国*caoanmin,,所有装备栏废除后，和其他角色视为在攻击范围内,
1072,李采薇,4,群,2,女,42,0,0,3,5,5,4010720,110720100,280,GeneralCard,1871;1872,李采薇*群雄*licaiwei,,需要预判别人手牌点数之和,
1073,吴范,3,吴,1,男,59,0,0,4,5,5,4010730,110730100,269,GeneralCard,1873;1874,吴范*吴国*wufan,,需要猜测先被集火集火目标,
1074,郝萌,4,群,1,男,54,0,0,3,3,5,4010740,110740100,65,GeneralCard,1885,郝萌*群雄*haomeng,,需要远距离武器才能多杀,
1075,严夫人,4,群,2,女,54,0,0,3,5,5,4010750,110750100,133,GeneralCard,1886;1887,严夫人*群雄*yanfuren,,需要判断别人是否有杀,
1076,朱灵,1,魏,1,男,54,0,0,3,3,5,4010760,110760100,65,GeneralCard,1890,朱灵*魏国*zhuling,,任何类型的牌都有用,
1077,阎柔,1,魏,1,男,54,0,0,3,5,5,4010770,110770100,81,GeneralCard,1899;1900,阎柔*魏国*yanrou,,,
1078,赵俨,1,魏,1,男,42,0,0,3,5,5,4010780,110780100,288,GeneralCard,1983;1984,赵俨*魏国*zhaoyan,,需要频繁调整手牌,
1079,王威,4,群,1,男,42,0,0,3,3,5,4010790,110790100,65,GeneralCard,1978;1979,王威*群雄*wangwei,,需要大量手牌,
1080,穆顺,4,群,1,男,37,0,0,3,0,5,4010800,0,71,GeneralCard,1989;1990,穆顺*群雄,,可以叠加大量标记,
1081,李异谢旌,3,吴,1,男,42,0,0,3,0,5,4010810,0,133,GeneralCard,1994,李异谢旌*吴国,,可以转换【杀】和【决斗】,
1082,伏完,4,群,1,男,37,0,0,3,0,5,4010820,0,69,GeneralCard,1997,伏完*群雄,,,
1083,孙桓,3,吴,1,男,42,0,0,3,0,5,4010830,0,70,GeneralCard,2012,孙桓*吴国,,,
1084,孟达,1,魏,1,男,42,0,0,3,0,5,4010840,0,134,GeneralCard,2352;2353,孟达*魏国,,,
1085,是仪,3,吴,1,男,42,0,0,3,0,5,4010850,0,18,GeneralCard,2360;2361,是仪*吴国,,,
1086,孙狼,2,蜀,1,男,42,0,0,3,0,5,4010860,0,18,GeneralCard,2365;2366,孙狼*蜀国,,,
1087,赵直,2,蜀,1,男,59,0,0,4,0,5,4010870,0,76,GeneralCard,2363;2364,赵直*蜀国,,,
1088,周宣,1,魏,1,男,59,0,0,4,5,5,4010880,110880100,134,GeneralCard,2392;2393,周宣*魏国,,,
1089,笮融,4,群,1,男,59,0,0,4,0,5,4010890,0,134,GeneralCard,2417;2418,笮融*群雄,,,
1090,骆统,3,吴,1,男,61,0,0,4,0,5,4010900,0,160,GeneralCard,1894;1895,骆统*吴国*luotong,,,攻守兼备
1091,王昶,1,魏,1,男,61,0,0,4,5,5,4010910,110910100,133,GeneralCard,1936;1937,王昶*魏国*wangchang,,弃牌越多越强,
1092,程秉,3,吴,1,男,61,0,0,3,0,5,4010920,0,18,GeneralCard,2367;2368,程秉*吴国,,,
1093,杨彪,4,群,1,男,61,0,0,3,0,5,4010930,0,134,GeneralCard,2389;2390;2391,杨彪*群雄,,,
1094,阮籍,1,魏,1,男,61,0,0,4,0,5,4010940,0,96,GeneralCard,2442;2443,阮籍*魏国*ruanji,,,
1095,钟毓,1,魏,1,男,61,0,0,4,5,5,4010950,110950100,132,GeneralCard,2826;2827,钟毓*魏国,,,
1096,吴质,1,魏,1,男,61,0,0,3,0,5,4010960,0,96,GeneralCard,2830;2831,吴质*魏国,,,
1097,朱铄,1,魏,1,男,61,0,0,3,0,5,4010970,0,69,GeneralCard,2832;2833,朱铄*魏国,,,
1098,桓阶,1,魏,1,男,61,0,0,4,0,5,4010980,0,288,GeneralCard,3735;3736,桓阶*魏国,,,
1100,张媱,3,吴,2,女,35,0,0,4,5,5,4011000,111000100,74,GeneralCard,1902;1903,张媱*吴国*zhangyao,,,
1101,刘虞,4,群,1,男,63,0,0,3,3,5,4011010,111010100,152,GeneralCard,1926;1927,刘虞*群雄*liuyu,,需要辨别敌友先后顺序,
1102,全惠解,3,吴,2,女,63,0,0,4,0,5,4011020,0,288,GeneralCard,1950;1951;1952,全惠解*吴国*quanhuijie,,可以组合吴国女性技能,
1103,丁尚涴,1,魏,2,女,63,0,0,4,5,5,4011030,111030100,153,GeneralCard,1968;1969,丁尚涴*魏国*dingshangwan,,可以与一名角色相互报仇,
1104,袁姬,3,吴,2,女,63,0,0,3,0,5,4011040,0,153,GeneralCard,2358;2359,袁姬*吴国,,,
1105,谢灵毓,3,吴,2,女,63,0,0,3,0,5,4011050,0,134,GeneralCard,2415;2416,谢灵毓*吴国,,,
1106,孙瑜,3,吴,1,男,63,0,0,3,0,5,4011060,0,261,GeneralCard,2429;2430,孙瑜*吴国*sunyu,,,
1107,甘夫人糜夫人,2,蜀,2,女,63,0,0,3,0,5,4011070,0,67,GeneralCard,2478;2479,甘夫人糜夫人*蜀国,,,
1108,清河公主,1,魏,2,女,63,0,0,4,5,5,4011080,411080100,136,GeneralCard,2582;2583,清河公主*魏国,,,
1109,曹芳,1,魏,1,男,63,0,1,4,0,5,4011090,0,133,GeneralCard,2634;2635,曹芳*魏国,,,
1110,刘巴,2,蜀,1,男,68,0,0,3,5,5,4011100,411100100,284,GeneralCard,1907;1908,刘巴*蜀国*liuba,,需要队友有配合意识,
1111,杨仪,2,蜀,1,男,68,0,0,4,5,5,4011110,111110100,141,GeneralCard,1938;1939,杨仪*蜀国*yangyi,,可以灵活使用锦囊,
1112,黄权,2,蜀,1,男,68,0,0,4,0,5,4011120,0,153,GeneralCard,1955;1956,黄权*蜀国*huangquan,,有两条命,
1113,吴班,2,蜀,1,男,68,0,0,3,0,5,4011130,0,69,GeneralCard,2011,吴班*蜀国,,,
1114,霍峻,2,蜀,1,男,68,0,0,3,0,5,4011140,0,18,GeneralCard,2377;2378,霍峻*蜀国,,,
1115,傅肜傅佥,2,蜀,1,男,68,0,0,3,0,5,4011150,0,134,GeneralCard,2396;2397,傅肜傅佥*蜀国,,,
1116,向朗,2,蜀,1,男,68,0,0,3,0,5,4011160,0,134,GeneralCard,2404;2405,向朗*蜀国8xianglang,,,
1117,高翔,2,蜀,1,男,68,0,0,3,0,5,4011170,0,134,GeneralCard,2414,高翔*蜀国,,,
1118,李丰,2,蜀,1,男,68,0,0,3,0,5,4011180,0,68,GeneralCard,2577;2578,李丰*蜀国,,,
1119,向宠,2,蜀,1,男,68,0,0,3,0,5,4011190,0,129,GeneralCard,2748;2749,向宠*蜀国,,,
1120,秦宜禄,4,群,1,男,45,0,0,3,5,5,4011200,111200100,276,GeneralCard,1921;1922;1923,秦宜禄*群雄*qinyilu,,需要阅读理解,
1121,卞喜,1,魏,1,男,45,0,0,3,0,5,4011210,0,73,GeneralCard,1931,卞喜*魏国*bianxi,,可以让对手随机选目标,
1122,胡班,1,魏,1,男,45,0,0,3,0,5,4011220,0,85,GeneralCard,1985,胡班*魏国*huban,,为所有友方【杀】提供收益,
1123,胡金定,2,蜀,2,女,45,0,0,3,0,5,4011230,0,18,GeneralCard,2354;2355;2356,胡金定*蜀国*hujinding,,可以防止杀伤害,
1124,关宁,2,蜀,1,男,45,0,0,4,0,5,4011240,0,18,GeneralCard,2380;2381,关宁*蜀国*guanning,,,
1126,凌烈,3,吴,1,男,58,0,0,3,0,5,4011260,0,257,GeneralCard,3757;3758,凌烈*吴国,,,
1130,黄祖,4,群,1,男,58,0,0,4,0,5,4011300,0,65,GeneralCard,1919;1920,黄祖*群雄*huangzu,,对于有大量手牌的角色具有威慑力,
1133,陈泰,1,魏,1,男,58,0,0,4,5,5,4011330,511330100,132,GeneralCard,2425;2426,陈泰*魏国*chentai,,,
1134,王濬,4,群,1,男,58,0,0,4,0,5,4011340,0,69,GeneralCard,2514;2464,王濬*群雄*wangjun,,,
1135,杜预,1,魏,1,男,58,0,0,3,0,5,4011350,0,133,GeneralCard,2459;2460,杜预*魏国*duyu,,,
1136,文钦,1,魏,1,男,58,0,0,3,5,5,4011360,111360100,0,GeneralCard,2511;2512,文钦*魏国,,,
1137,胡遵,1,魏,1,男,58,0,0,3,0,5,4011370,0,129,GeneralCard,2607;2608,胡遵*魏国,,,
1138,蒋钦,3,吴,1,男,58,2074,0,2,0,5,4011380,0,72,GeneralCard,2658;2659,蒋钦*吴国*jiangqin,,,
1139,张任,4,群,1,男,58,2072,0,2,0,5,4011390,0,72,GeneralCard,2660;2661,张任*群雄*zhangren,,,
1140,赵昂,1,魏,1,男,60,0,0,4,5,5,4011400,111400100,76,GeneralCard,1934;1935,赵昂*魏国*zhaoang,,能交换手牌,
1141,刘晔,1,魏,1,男,60,0,0,4,5,5,4011410,111410100,160,GeneralCard,1980;1981,刘晔*魏国*liuye,,拥有专属装备,
1142,杨弘,4,群,1,男,60,0,0,3,0,5,4011420,0,134,GeneralCard,2400;2401,杨弘*群雄,,,
1143,桓范,1,魏,1,男,60,0,0,3,5,5,4011430,111430100,136,GeneralCard,2433;2434,桓范*魏国*huanfan,,,
1144,郤正,2,蜀,1,男,60,0,0,3,0,5,4011440,0,132,GeneralCard,2435;2436,郤正*蜀国*hezheng,,,
1145,田丰,4,群,1,男,60,2057,0,3,0,5,4011450,0,136,GeneralCard,2662;2109,田丰*群雄*tianfeng,,,
1150,陆凯,3,吴,1,男,70,0,0,3,0,5,4011500,0,135,GeneralCard,1942;1943,陆凯*吴国*lukai,,可以灵活利用任何花色的牌,
1151,李婉,1,魏,2,女,70,0,0,3,5,5,4011510,111510100,174,GeneralCard,1944;1945,李婉*魏国*liwan,,需要队友有配合意识,
1152,轲比能,4,群,1,男,70,0,0,3,5,5,4011520,111520100,265,GeneralCard,1961,轲比能*群雄*kebineng,,需要进行博弈,
1153,诸葛尚,2,蜀,1,男,70,0,0,4,0,5,4011530,0,288,GeneralCard,1976;1977,诸葛尚*蜀国*zhugeshang,,可以控制他人的牌序,
1154,武安国,4,群,1,男,70,0,0,3,3,5,4011540,411540100,18,GeneralCard,2384;2385,武安国*群雄,设计者：息吹|设计心得：使用转换技的阴阳状态指代武安国手中的双锤。,,
1155,韩龙,1,魏,1,男,70,0,0,3,0,5,4011550,0,134,GeneralCard,2386;2387,韩龙*魏国,设计者：雾燎鸟|设计心得：5张牌意味着231年-235年，从轲比能联合诸葛亮不再接受安抚政策，到被刺死的5年时光，在此过程中韩龙参与筹备刺杀计划，填充杀牌，进行暗中破坏保证杀的命中，逐步接近战局，最终依靠充足的准备完成刺杀。轲比能可以将实体牌转化为杀，却被韩龙利用，不断交换非杀牌，破坏整个局势。,,
1156,苏飞,3,吴,1,男,70,0,0,3,5,5,4011560,111560100,88,GeneralCard,2541,苏飞*吴国,,,
1157,谯周,2,蜀,1,男,70,0,0,3,5,5,4011570,111570100,0,GeneralCard,2546;2547,谯周*蜀国,,,
1158,孙礼,1,魏,1,男,88,0,0,3,5,5,4011580,111580100,68,GeneralCard,2553,孙礼*魏国,设计者：水友1671209495920|设计心得：技能既突出孙礼刚正的性格，而后半段也指他刚直的性格所导致被曹爽革职的事迹。注:弃置这些牌是上次摸的牌，但这次仍然可发动技能，所以造成伤害时一般是先弃置此前获得的牌，再摸两张牌。,,
1159,陈式,2,蜀,1,男,88,0,0,3,5,5,4011590,611590100,69,GeneralCard,2552,陈式*蜀国,设计者：绯瞳|设计心得：一技能即可锁三个花色留方片闪摸三被动防守，也可以锁一花色秒变歌王，也可以锁二化身经济学家缓慢发育。,,
1160,张奋,3,吴,1,男,66,0,0,4,0,5,4011600,0,65,GeneralCard,1962;1963;1964,张奋*吴国*zhangfen,,滚雪球优势巨大,
1161,诸葛梦雪,1,魏,2,女,66,0,0,3,0,5,4011610,0,88,GeneralCard,2491;2492,诸葛梦雪*魏国,,,
1162,诸葛若雪,1,魏,2,女,66,0,0,3,0,5,4011620,0,88,GeneralCard,2493;2494,诸葛若雪*魏国,,,
1163,曹宪,1,魏,2,女,66,0,0,3,5,5,4011630,111630100,76,GeneralCard,2587;2588,曹宪*魏国,,,
1171,费曜,1,魏,1,男,88,0,0,3,0,5,4011710,0,69,GeneralCard,2554,费曜*魏国,设计者：米陶诺斯|设计心得：费曜曾多次抵御诸葛亮的进攻，互有胜负，故设计一个带有一定负面效果的技能。作为先锋部队如果能应对对手的策略，则可以先发制人镇压对手，并且如果可以连续识破对手底细则可以获得更多收益；反之则计谋不成，被敌方压制。,,
1172,夏侯楙,1,魏,1,男,88,0,0,3,0,5,4011720,0,137,GeneralCard,2550;2551,夏侯楙*魏国,设计者：伯约|设计心得：统围，寓意围困赵云，依赖点数差距很大的牌，同时也能调整自己的手牌质量；蹙国，寓意他是无能之辈，进功好利，反而误国误民,,
1180,管亥,4,群,1,男,69,0,0,4,0,5,4011800,0,65,GeneralCard,1970;1971,管亥*群雄*guanhai,,克制手牌数较多的角色,
1181,张闿,4,群,1,男,69,0,0,3,0,5,4011810,0,72,GeneralCard,2013,张闿*群雄,,,
1182,刘辟,4,群,1,男,69,0,0,3,0,5,4011820,0,18,GeneralCard,2373,刘辟*群雄,,,
1183,裴元绍,4,群,1,男,69,0,0,3,0,5,4011830,0,134,GeneralCard,2406,裴元绍*群雄,,,
1184,张楚,4,群,2,女,69,0,0,3,0,5,4011840,0,134,GeneralCard,2409;2410;2411,张楚*群雄,,,
1185,张曼成,4,群,1,男,69,0,0,3,0,5,4011850,0,69,GeneralCard,2461;2462,张曼成*群雄*zhangmancheng,,,
1186,柳婒,2,蜀,2,女,66,0,0,4,0,5,4011860,0,140,GeneralCard,2689;2690,柳婒*蜀国,,,
1187,文鸳,2,蜀,2,女,66,0,0,4,0,5,4011870,0,66,GeneralCard,2729;2730;2731,文鸳*蜀国,,,
1188,张怀,3,吴,2,女,66,0,0,4,0,5,4011880,0,144,GeneralCard,2769;2770,张怀*吴国,,,
1189,董絮,4,群,2,女,66,0,0,4,0,5,4011890,0,70,GeneralCard,3726;3727,董絮*群雄,,,
1190,公孙度,4,群,1,男,72,0,0,4,0,5,4011900,0,136,GeneralCard,2000;2001,公孙度*群雄,,,
1191,孟优,4,群,1,男,72,0,0,3,0,5,4011910,0,138,GeneralCard,854;2440,孟优*群雄*mengyou,,,
1192,孟获,4,群,1,男,72,0,0,3,0,5,4011920,0,70,GeneralCard,2531,孟获*群雄,,,
1193,祝融,4,群,2,女,72,0,0,3,0,5,4011930,0,70,GeneralCard,2533;2534,祝融*群雄,,,
1194,公孙修,4,群,1,男,72,0,0,3,0,5,4011940,0,68,GeneralCard,2609;2610,公孙修*群雄,,,
1195,马腾,4,群,1,男,72,2054,0,3,0,5,4011950,0,129,GeneralCard,2657;70,马腾*群雄*mateng,,,
1205,孙资刘放,1,魏,1,男,50,0,0,3,0,5,4012050,0,134,GeneralCard,2350;2351,孙资刘放*魏国,,,
1206,岑昏,3,吴,1,男,50,0,0,3,0,5,4012060,0,18,GeneralCard,2014;2015,岑昏*吴国,,,
1207,孙綝,3,吴,1,男,50,0,0,3,5,5,4012070,512070100,69,GeneralCard,2427;2428,孙綝*吴国*sunchen,,,
1208,贾充,1,魏,1,男,50,0,0,3,0,5,4012080,0,137,GeneralCard,2520;2521,贾充*魏国,,,
1209,侯成,4,群,1,男,46,0,0,3,0,5,4012090,0,72,GeneralCard,2811,侯成*群雄,,,
1210,魏讽,1,魏,1,男,50,0,0,3,0,5,4012100,0,136,GeneralCard,3802;3803,魏讽*魏国,,,
1221,庞会,1,魏,1,男,44,0,0,3,5,5,4012210,112210100,134,GeneralCard,2357;2665,庞会*魏国,,,
1222,赵统赵广,2,蜀,1,男,44,0,0,4,0,5,4012220,0,18,GeneralCard,2374;2388;2375,赵统赵广*蜀国,,,
1223,袁谭袁尚袁熙,4,群,1,男,44,0,0,3,5,5,4012230,112230100,18,GeneralCard,2376,袁谭袁尚袁熙*群雄,,,
1224,乐綝,1,魏,1,男,44,0,0,3,0,5,4012240,0,129,GeneralCard,2431;2432,乐綝*魏国*yuechen,,,
1225,凌操,3,吴,1,男,58,0,0,3,0,5,4012250,0,0,GeneralCard,2444,凌操*吴国*lingcao,,,
1226,刘理,2,蜀,1,男,44,0,0,4,0,5,4012260,0,136,GeneralCard,2597;2598,刘理*蜀国,,,
1227,庞宏,2,蜀,1,男,44,0,0,3,5,5,4012270,112270100,264,GeneralCard,2776;2777,庞宏*蜀国,,,
1228,吉邈吉穆,4,群,1,男,44,0,0,3,0,5,4012280,0,144,GeneralCard,2858;2859,吉邈吉穆*群雄,,,
1231,董贵人,4,群,2,女,73,0,0,4,0,5,4012310,0,18,GeneralCard,2016;2017;2018,董贵人*群雄,,,
1232,滕芳兰,3,吴,2,女,73,0,0,4,0,5,4012320,0,134,GeneralCard,2421;2422,滕芳兰*吴国,,,
1233,张瑾云,2,蜀,2,女,73,0,0,4,0,5,4012330,0,20,GeneralCard,2465;2466,张瑾云*蜀国*zhangjingyun,,,
1234,周不疑,1,魏,1,男,73,0,0,3,5,5,4012340,112340100,274,GeneralCard,2495;2496,周不疑*魏国,,,
1235,许靖,2,蜀,1,男,73,0,0,4,5,5,4012350,112350100,0,GeneralCard,2544;2545,许靖*蜀国,,,
1236,关樾,2,蜀,1,男,73,0,0,4,0,5,4012360,0,65,GeneralCard,2650;2652,关樾*蜀国,,,
1237,诸葛京,4,群,1,男,73,0,0,4,0,5,4012370,0,133,GeneralCard,2735;2736;2737,诸葛京*蜀国,,,
1238,任婉,1,魏,2,女,73,0,0,4,0,5,4012380,0,132,GeneralCard,2873;2874,任婉*魏国,,,
1241,薛灵芸,1,魏,2,女,62,0,0,4,0,5,4012410,0,18,GeneralCard,2382;2383,薛灵芸*魏国,,,
1242,芮姬,3,吴,2,女,62,0,0,4,5,5,4012420,112420100,132,GeneralCard,2423;2424;2439,芮姬*吴国*ruiji,,,
1243,段巧笑,1,魏,2,女,62,0,0,4,0,5,4012430,0,6,GeneralCard,2450;2451,段巧笑*魏国*duanqiaoxiao,,,
1244,田尚衣,1,魏,2,女,62,0,0,4,0,5,4012440,0,68,GeneralCard,2452;2453,田尚衣*魏国*tianshangyi,,,
1245,柏灵筠,1,魏,2,女,62,0,0,4,5,5,4012450,112450100,82,GeneralCard,2456;2457;2458,柏灵筠*魏国*bailingyun,,,
1246,马伶俐,2,蜀,2,女,62,0,0,4,0,5,4012460,0,133,GeneralCard,2522;2523;2524,马伶俐*蜀国,,,
1247,莫琼树,1,魏,2,女,62,0,0,4,0,5,4012470,0,152,GeneralCard,2753;2754,莫琼树*魏国,,,
1248,曹媛,4,群,2,女,62,0,0,4,0,5,4012480,0,84,GeneralCard,2805;2806,曹媛*群雄,,,
1249,崔令仪,1,魏,2,女,62,0,0,4,0,5,4012490,0,132,GeneralCard,2860;2861,崔令仪*魏国,,,
1250,徐妏,1,魏,2,女,62,0,0,4,0,5,4012500,0,160,GeneralCard,3744;3745,徐妏*魏国,,,
1251,唐咨,1,魏,1,男,46,0,0,3,5,5,4012510,112510100,72,GeneralCard,2379,唐咨*魏国,,,
1261,孙寒华,3,吴,2,女,56,0,0,4,0,5,4012610,0,18,GeneralCard,2369;2370,孙寒华*吴国,,,
1262,郑浑,1,魏,1,男,56,0,0,3,0,5,4012620,0,134,GeneralCard,2398;2399,郑浑*魏国,,,
1263,刘宠骆俊,4,群,1,男,56,0,0,3,0,5,4012630,0,69,GeneralCard,2437;2438,刘宠骆俊*群雄,,,
1264,吴普,4,群,1,男,56,0,0,3,0,5,4012640,0,160,GeneralCard,2648;2649,吴普*群雄,,,
1300,宗预,2,蜀,1,男,57,2089,0,3,0,5,4013000,0,72,GeneralCard,1912;1913,宗预*蜀国*zongyu,,需要记忆每个点数的牌,
1301,羊祜,1,魏,1,男,57,0,0,3,0,5,4013010,0,140,GeneralCard,1924;1925,羊祜*魏国*yanghu,,应对手牌比血多的角色更有用,
1330,蔡文姬,4,群,2,女,76,0,0,4,0,5,4013300,0,70,GeneralCard,2487;2488,乐蔡文姬*群雄,,,
1331,周妃,3,吴,2,女,76,0,0,3,0,5,4013310,0,133,GeneralCard,2509;2510,乐周妃*吴国,,,
1332,诸葛果,2,蜀,2,女,76,0,0,4,5,5,4013320,113320100,68,GeneralCard,2529;2530,乐诸葛果*蜀国,,,
1333,蔡邕,4,群,1,男,76,0,0,3,0,5,4013330,0,68,GeneralCard,2527;2528,乐蔡邕*群雄,,,
1334,祢衡,4,群,1,男,76,0,0,4,0,5,4013340,0,133,GeneralCard,2676;2677,祢衡*群雄,,,
1335,大乔,3,吴,2,女,76,0,0,3,0,5,4013350,0,140,GeneralCard,2574;2575,大乔*吴国,,,
1336,小乔,3,吴,2,女,76,0,0,3,0,5,4013360,0,140,GeneralCard,2574;2576,小乔*吴国,,,
1337,邹氏,4,群,2,女,76,0,0,3,0,5,4013370,0,140,GeneralCard,2669;2670,乐邹氏*群雄,,,
1338,貂蝉,4,群,2,女,76,0,0,4,0,5,4013380,0,132,GeneralCard,2771;2772,乐貂蝉*群雄*diaochan,,,
1339,周瑜,3,吴,1,男,76,0,0,4,0,5,4013390,0,72,GeneralCard,2778;2779,乐周瑜*吴国,,,
1350,严白虎,4,群,1,男,74,0,0,3,0,5,4013500,0,544,GeneralCard,276;277,严白虎*群雄*yanbaihu,,,
1351,车胄,1,魏,1,男,74,0,0,3,3,5,4013510,113510100,577,GeneralCard,2503;2504,车胄*魏国,,,
1352,韩嵩,4,群,1,男,74,0,0,3,0,5,4013520,0,133,GeneralCard,2505;2506,韩嵩*魏国,,,
1353,马铁,4,群,1,男,74,0,0,3,0,5,4013530,0,132,GeneralCard,2814;2498,马铁*群雄,,,
1354,阎象,4,群,1,男,74,0,0,3,0,5,4013540,0,136,GeneralCard,3784;3785,阎象*群雄,,,
1500,朱佩兰,3,吴,2,女,63,0,0,3,0,5,4015000,0,140,GeneralCard,2663;2664,朱佩兰*吴国,,,
1501,卞玥,1,魏,2,女,63,0,0,3,0,5,4015010,0,272,GeneralCard,2694;2695,卞玥*魏国,,,
1502,徐馨,3,吴,2,女,63,0,0,3,0,5,4015020,0,144,GeneralCard,2780;2781,徐馨*吴国,,,
1503,孙霸,3,吴,1,男,63,0,0,4,0,5,4015030,0,64,GeneralCard,2784;2785,孙霸*吴国,,,
1504,刘衿刘佩,1,魏,2,女,73,0,0,4,0,5,4015040,0,134,GeneralCard,2803;2804,刘容刘倩*魏国,,,
1505,夏侯徽,1,魏,2,女,63,0,0,4,5,5,4015050,115050100,80,GeneralCard,2828;2829,夏侯徽*魏国,,,
1531,张翼,2,蜀,1,男,68,0,0,3,0,5,4015310,0,65,GeneralCard,2579;2580,张翼*蜀国,,,
1532,诸葛均,2,蜀,1,男,68,0,0,4,0,5,4015320,0,96,GeneralCard,2866;2867,诸葛均*蜀国,,,
1600,曹仁,1,魏,1,男,85,0,0,3,0,5,4016000,0,70,GeneralCard,2548;2549,曹仁*魏国,,,
1601,董卓,4,群,1,男,81,0,1,3,0,5,4016010,0,133,GeneralCard,2563;2564;2581,董卓*群雄,,,
1602,袁术,4,群,1,男,81,0,1,3,0,5,4016020,0,133,GeneralCard,2565;2566;2567,袁术*群雄,,,
1603,张昭,3,吴,1,男,82,0,0,3,0,5,4016030,0,160,GeneralCard,2589;2590,张昭*吴国,,,
1604,袁绍,4,群,1,男,81,0,1,3,0,5,4016040,0,65,GeneralCard,2593;2594;2595;2596,袁绍*群雄,,,
1605,张春华,1,魏,2,女,85,0,0,3,0,5,4016050,0,24,GeneralCard,2591;2592,张春华*魏国*zhangchunhua,,,
1606,法正,2,蜀,1,男,82,0,0,3,5,5,4016060,116060100,132,GeneralCard,2733;2734,星法正*蜀国,,,
1607,荀彧,1,魏,1,男,82,0,0,3,0,5,4016070,0,264,GeneralCard,2744;2745,星荀彧*魏国*xunyu,,,
1608,张让,4,群,1,男,81,0,0,3,0,5,4016080,0,138,GeneralCard,2798;2799,星张让*群雄*zhangrang,,,
1609,文丑,4,群,1,男,87,0,0,3,0,5,4016090,0,65,GeneralCard,2786;2787,星文丑*群雄,,,
1620,孙策,4,群,1,男,64,0,0,3,0,5,4016200,0,129,GeneralCard,2633,孙策*吴国*sunce,,,
1630,周瑜,3,吴,1,男,77,0,0,4,0,5,4016300,0,133,GeneralCard,3840;3841,周瑜*吴国,,,
1631,鲁肃,3,吴,1,男,77,0,0,4,0,5,4016310,0,148,GeneralCard,2559;2560,鲁肃*吴国,,,
1632,司马懿,1,魏,1,男,77,0,0,4,0,5,4016320,0,133,GeneralCard,2628;2629,司马懿*魏国*simayi,,,
1633,诸葛瑾,3,吴,1,男,90,0,0,3,0,5,4016330,0,140,GeneralCard,2642;2644,谋诸葛瑾*吴国,,,
1634,贾诩,4,群,1,男,77,0,0,4,0,5,4016340,0,148,GeneralCard,2654;2655,谋贾诩*群雄,,,
1635,郭嘉,1,魏,1,男,77,0,0,4,0,5,4016350,0,133,GeneralCard,2740;2741,谋郭嘉*魏国,,,
1636,荀彧,1,魏,1,男,77,0,0,4,0,5,4016360,0,268,GeneralCard,2795;2796,谋荀彧*魏国,,,
1637,姜维,2,蜀,1,男,77,0,0,4,0,5,4016370,0,144,GeneralCard,2869;2870,谋姜维*蜀国*jiangwei,,,
1638,陆逊,3,吴,1,男,77,0,0,4,0,5,4016380,0,260,GeneralCard,3714;3715,谋陆逊*吴国,,,
1639,庞统,2,蜀,1,男,77,0,0,4,5,5,4016390,116390100,144,GeneralCard,3791;3792,谋庞统*蜀国,,,
1640,蒋济,1,魏,1,男,89,0,0,3,0,5,4016400,0,76,GeneralCard,2611;2612,蒋济*魏国,,,
1641,王凌,1,魏,1,男,89,0,0,3,5,5,4016410,116410100,76,GeneralCard,2613;2614,王凌*魏国,,,
1642,司马师,1,魏,1,男,89,0,0,4,0,5,4016420,0,129,GeneralCard,2616;2617;2618,司马师*魏国,,,
1643,曹爽,1,魏,1,男,89,0,0,3,0,5,4016430,0,129,GeneralCard,2630;2631,曹爽*魏国,,,
1650,关平,2,蜀,1,男,90,0,0,3,0,5,4016500,0,133,GeneralCard,2641,谋关平*蜀国*guanping,,,
1651,吕蒙,3,吴,1,男,90,0,0,3,0,5,4016510,0,144,GeneralCard,3515;3516,谋吕蒙*吴国,,,
1660,曹昂,1,魏,1,男,91,0,0,4,0,5,4016600,0,76,GeneralCard,2667;2668,谋曹昂*魏国*caoang,,,
1661,张绣,4,群,1,男,91,0,0,3,0,5,4016610,0,88,GeneralCard,2671;2672,谋张绣*群雄*zhangxiu,,,
1662,典韦,1,魏,1,男,91,0,0,3,0,5,4016620,0,129,GeneralCard,2683;2684,谋典韦*魏国,,,
1663,胡车儿,4,群,1,男,91,0,0,3,0,5,4016630,0,129,GeneralCard,2685,谋胡车儿*群雄,,,
1670,孙坚,4,群,1,男,86,0,0,3,0,5,4016700,0,129,GeneralCard,2646;2647,星孙坚*群雄,,,
1671,孙尚香,3,吴,2,女,87,0,0,3,0,5,4016710,0,96,GeneralCard,2692;2693,星孙尚香*吴国,,,
1672,丁奉,3,吴,1,男,87,0,0,3,0,5,4016720,0,264,GeneralCard,2760;2761,星丁奉*吴国,,,
1673,太史慈,4,群,1,男,86,0,0,3,0,5,4016730,0,65,GeneralCard,2834;2835,星太史慈*吴国,,,
1674,颜良,4,群,1,男,87,0,0,3,3,5,4016740,116740100,129,GeneralCard,3759;3760,星颜良*群雄,,,
1681,程昱,1,魏,1,男,97,0,0,3,0,5,4016810,0,136,GeneralCard,3842;3843,谋程昱*魏国,,,
1682,黄盖,3,吴,1,男,97,0,0,4,5,5,4016820,416820100,69,GeneralCard,2758;2759,谋黄盖*吴国,,,
1683,蒋干,1,魏,1,男,97,0,0,3,0,5,4016830,0,136,GeneralCard,3521;3522,谋蒋干*魏国,,,
1690,徐琨,3,吴,1,男,88,0,0,3,3,5,4016900,116900100,88,GeneralCard,2673,徐琨*吴国,设计者：卤香蛋2|设计心得：徐琨历阳一战缺少战船无法进攻，徐母支计砍芦苇铸筏，孙策与徐琨因此有了突袭的机会而取得胜利。因突袭紧急，需占先机，芦苇多而无用，但可造筏而行，因此直接将所有无法直接造成伤害的牌重铸为筏并交给缺少距离的角色，从而可以让团队驱筏而进。而获得牌的角色需要手中有【杀】，因为徐琨并不缺少刀兵而是船筏。,,
1691,司马孚,1,魏,1,男,88,0,0,3,0,5,4016910,0,76,GeneralCard,2681;2682,司马孚*魏国,设计者：黑暗魔女|设计心得：司马孚在军事上认为要获胜，要以逸待劳，以前的军队仓促之间不能抵挡敌人，应预选军队作为备战之用，所以先集结军队（摸至体力上限），然后分出预备军力（置于牌堆底），敌人来犯时提前备预的军队上阵，敌人军容整齐准备充足的魏军，不战自退（无效牌）。,,
1692,令狐愚,1,魏,1,男,88,0,0,3,3,5,4016920,116920100,136,GeneralCard,2691,令狐愚*魏国,设计者：浮兮璃璃|设计心得：摸两张牌与再次发动蓄志对应谋司马懿；若令狐愚的位置靠前，蓄志可以帮助王凌在首回合“集筹”更多的牌，若令狐愚的位置靠后，蓄志可以遣信告知获得“集筹”牌的角色下一步计划，合理分配手牌。,,
1693,宣公主,1,魏,2,女,88,0,0,3,0,5,4016930,0,136,GeneralCard,2742;2743,宣公主*魏国,"设计者：谜城惊雨声|设计心得：一技能齐眉围绕杜预设计，同花色象征举案齐眉，双花色有沟通余地，三花色为意见不合，四花色的效果则参考了杜预的三陈。
二技能追姬，姬即公主，取其死后追封高陵公主典故，设计为类似于步练师和王荣的亡语效果。斯人已逝，再难为水，失去此装备后便再用不了其他装备了。",,
1696,马钧,1,魏,1,男,88,0,0,3,5,5,4016960,116960100,144,GeneralCard,2767;2768,马钧*魏国,"设计者：白日梦花|设计心得：一技能可以用任何牌当做装备，代表马钧动手能力强，基本牌数值增加代表用最基础的材料做成最好用的东西，锦囊牌三类型摸牌则代表集百家之智，装备牌倒没什么思路，于是选了最简单的加手牌上限。
二技能则是一个抽象的概念，开始摸牌少后面摸牌多，正所谓万事开头难，马钧也是改进为多呢",,
1698,裴秀,4,群,1,男,88,0,0,3,0,5,4016980,0,144,GeneralCard,2793;2794,裴秀*群雄,设计者：改名因为怕被喷|设计心得：技1源于裴秀对地图的贡献，这里强调六体中的准望（方向）与道里（距离）。没有影响距离的因素，裴秀想多指，只能指定另一个方向的人，即准望。技2源于回恢复五等爵制，所以跟5挂钩。这里是将牌数调整至5而不是手牌数，所以想多摸要把装备给出去。可以通过控制场上坐骑牌来实现与技能1的联动。契合历史，能跟马钧联动。,,
1700,沮授,4,群,1,男,92,0,0,3,0,5,4017000,0,132,GeneralCard,2721;2722,谋沮授*群雄,,,
1701,陈琳,4,群,1,男,92,0,0,3,0,5,4017010,0,132,GeneralCard,2723;2724,谋陈琳*群雄,,,
1703,淳于琼,4,群,1,男,92,0,0,3,0,5,4017030,0,130,GeneralCard,3517;3518,谋淳于琼*群雄,,,
1711,吕据,3,吴,1,男,58,0,0,3,0,5,4017110,0,260,GeneralCard,2775,吕据*吴国,,,
1712,陶璜,3,吴,1,男,58,0,0,3,0,5,4017120,0,65,GeneralCard,3746;3747,陶璜*吴国,,,
1722,张燕,4,群,1,男,101,0,0,3,0,5,4017220,0,144,GeneralCard,2871;2872,张燕*群雄,,,
1724,伍孚,4,群,1,男,101,0,0,3,5,5,4017240,117210100,65,GeneralCard,2864;2865,伍孚*群雄,,,
1725,张奂,4,群,1,男,101,0,0,3,0,5,4017250,0,132,GeneralCard,3708;3709,张奂*群雄,,,
1740,邓艾,1,魏,1,男,96,0,0,4,5,5,4017400,117400100,132,GeneralCard,3716;3717,谋邓艾*魏国,,,
1741,胡烈,1,魏,1,男,96,0,0,3,5,5,4017410,117410100,144,GeneralCard,2875;2876,谋胡烈*魏国,,,
1781,骆统,3,吴,1,男,98,0,0,3,0,5,4017810,0,136,GeneralCard,3730;3731,谋骆统*吴国,,,
1782,黄权,1,魏,1,男,98,0,0,3,0,5,4017820,0,96,GeneralCard,3728;3729,谋黄权*魏国,,,
1783,朱然,3,吴,1,男,98,0,0,4,0,5,4017830,0,160,GeneralCard,3749;3750,谋朱然*吴国,,,
1791,蒋琬,2,蜀,1,男,85,0,0,3,0,5,4017910,0,264,GeneralCard,2568;2569,星蒋琬*蜀国,,,
1792,张郃,4,群,1,男,85,0,0,3,0,5,4017920,0,264,GeneralCard,2570;2571,星张郃*群雄,,,
1850,刘懿君,4,群,2,女,66,0,0,4,0,5,4018500,0,144,GeneralCard,3767;3768,刘懿君*群雄,,,
1900,马日磾,4,群,1,男,51,0,0,3,3,5,419000,119000100,65,GeneralCard,1875;1876,马日磾*群雄*mamidi,,比较依赖运气,
1901,张勋,4,群,1,男,51,0,0,3,5,5,4019010,119010100,73,GeneralCard,1901,张勋*群雄*zhangxun,,,
1902,纪灵,4,群,1,男,51,2056,0,2,0,5,4019020,0,65,GeneralCard,1914,纪灵*群雄*jiling,,可以多出杀,
1903,雷薄,4,群,1,男,51,0,0,3,5,5,4019030,119030100,156,GeneralCard,1991;1992,雷薄*群雄,,可以痛击受伤角色,
1904,乐就,4,群,1,男,51,0,0,3,0,5,4019040,0,267,GeneralCard,1993,乐就*群雄,,可以增加出【杀】双方的风险,
1905,桥蕤,4,群,1,男,51,0,0,3,0,5,4019050,0,134,GeneralCard,2394;2395,桥蕤*群雄,,,
1906,董绾,4,群,2,女,51,0,0,3,0,5,4019060,0,134,GeneralCard,2412;2413,董绾*群雄,,,
1907,袁胤,4,群,1,男,51,0,0,3,0,5,4019070,0,134,GeneralCard,2419;2420,袁胤*群雄,,,
1911,苏越,1,魏,1,男,59,0,0,3,0,5,4019110,0,136,GeneralCard,3742;3743,苏越*魏国,,,
1950,管宁,4,群,1,男,53,0,0,4,0,5,4019500,0,288,GeneralCard,1906,管宁*群雄*guanning,,学习仁义礼智信,
1951,黄承彦,4,群,1,男,53,0,0,4,5,5,4019510,195110100,82,GeneralCard,1909;1910;1911,黄承彦*群雄*huangchengyan,,可以暂时替换其他角色的技能,
1952,胡昭,4,群,1,男,53,0,0,4,0,5,4019520,0,152,GeneralCard,1948;1949,胡昭*群雄*huzhao,,对距离影响极大,
1953,王烈,4,群,1,男,53,0,0,4,5,5,4019530,119530100,160,GeneralCard,1998;1999,王烈*群雄,,,
1954,孟节,4,群,1,男,53,0,0,3,0,5,4019540,0,160,GeneralCard,1995;1996,孟节*群雄,,,
1955,田畴,4,群,1,男,53,0,0,3,0,5,4019550,0,136,GeneralCard,3763,田畴*群雄,,,
1985,崔琰毛玠,1,魏,1,男,61,2090,0,3,0,5,4019850,0,132,GeneralCard,2626;2627,崔琰毛玠*魏国*cuiyanmaojie,,,
1986,李傕郭汜,4,群,1,男,26,2079,0,3,0,5,4019860,0,65,GeneralCard,2625,李傕郭汜*群雄,,,
1987,吕范,3,吴,1,男,60,2084,0,3,0,5,4019870,0,136,GeneralCard,2623;2624,吕范*吴国*lvfan,,,
1988,陈武董袭,3,吴,1,男,58,2071,0,2,0,5,4019880,0,72,GeneralCard,2132;2133,陈武董袭*吴国*chenwudongxi,,,
1989,臧霸,1,魏,1,男,46,2069,0,2,0,5,4019890,0,72,GeneralCard,2622,臧霸*魏国*zangba,,,
1990,丁奉,3,吴,1,男,58,2044,0,1,0,5,4019900,0,129,GeneralCard,2700;2701,丁奉*吴国*dingfeng,,,
1991,甘夫人,2,蜀,2,女,63,2029,0,1,0,5,4019910,0,0,GeneralCard,2482;2483,甘夫人*蜀国,,,
1992,糜夫人,2,蜀,2,女,63,2070,0,2,0,5,4019920,0,0,GeneralCard,2484;2485,糜夫人*蜀国,,,
1993,灵雎,4,群,2,女,62,512,0,4,0,5,4019930,0,0,GeneralCard,606;2535,灵雎*群雄,,,
1994,步骘,3,吴,1,男,18,403,0,3,0,5,4019940,0,0,GeneralCard,288;2536,步骘*吴国,,,
1995,孔融,4,群,1,男,35,2055,0,3,0,5,4019950,0,7,GeneralCard,2599;2600,孔融*群雄*kongrong,,,
1996,乐进,1,魏,1,男,46,2014,0,2,0,5,4019960,0,65,GeneralCard,2601,乐进*魏国*lejin,,,
1997,曹洪,1,魏,1,男,46,2073,0,2,0,5,4019970,0,140,GeneralCard,2602,曹洪*魏国*caohong,,,
1998,蒋琬费祎,2,蜀,1,男,68,2061,0,3,0,5,4019980,0,80,GeneralCard,2603;2604,蒋琬费祎*蜀国*jiangwanfeiyi,,,
1999,卞夫人,1,魏,2,女,63,2082,0,2,0,5,4019990,0,140,GeneralCard,2158;2606,卞夫人*魏国,,"卞夫人，琅琊郡开阳县（今山东兰山）人，魏武帝曹操的第二任妻子，魏文帝曹丕、任城威王曹彰、陈思王曹植、萧怀王曹熊的母亲。
延熹四年（161年）生于齐郡（今山东临淄），原本是倡家，即汉代专门从事音乐歌舞的乐人家庭，后来与曹操成婚，建安初年，原配丁夫人被废，卞夫人成为曹操的正妻。曹丕继位后尊其为皇太后，曹叡继位后尊其为太皇太后。卞后在太和四年去世，与魏武帝曹操合葬高陵。",
2200,张辽,4,群,1,男,99,0,0,4,0,5,4022000,0,132,GeneralCard,2773;2774,威张辽*群雄*zhangliao,,,
2201,孙权,3,吴,1,男,100,0,0,4,5,5,4022010,122010100,264,GeneralCard,2782;2816,威孙权*吴国*sunquan,,,
2202,吕布,4,群,1,男,99,0,0,4,0,5,4022020,0,65,GeneralCard,2789;2790,威吕布*群雄,,,
2203,曹丕,1,魏,1,男,100,0,0,4,0,5,4022030,0,268,GeneralCard,2800;2801;2802,威曹丕*魏国*caopi,,,
2204,董卓,4,群,1,男,99,0,0,4,0,5,4022040,0,65,GeneralCard,2817;2818,威董卓*群雄*dongzhuo,,,
2205,马超,4,群,1,男,99,0,0,4,0,5,4022050,0,132,GeneralCard,3712;3713,威马超*群雄*machao,,,
2206,公孙瓒,4,群,1,男,99,0,0,4,0,5,4022060,0,133,GeneralCard,3809;3810,威公孙瓒*群雄,,,
2222,曹操,1,魏,1,男,100,0,0,4,0,5,4022220,0,160,GeneralCard,3737;3738;3739,威曹操*魏国,,,
2223,孙策,3,吴,1,男,100,0,0,4,0,5,4022230,0,261,GeneralCard,3755;3756,威孙策*吴国,,,
2236,孙尚香,3,吴,2,女,103,0,0,4,0,5,4022360,0,160,GeneralCard,3752;3753,威孙尚香*吴国,,,
2300,董承,4,群,1,男,93,0,0,3,0,5,4023000,0,65,GeneralCard,2807;2808,谋董承*群雄,,,
2301,曹洪,1,魏,1,男,93,0,0,3,0,5,4023010,0,72,GeneralCard,2809;2810,谋曹洪*魏国*caohong,,,
2302,刘协,4,群,1,男,93,0,1,3,0,5,4023020,0,263,GeneralCard,2836;2837;2838,谋刘协*群雄*liuxie,,,
2316,法正,2,蜀,1,男,95,0,0,3,0,5,4023160,0,144,GeneralCard,3773;3774,谋法正*蜀国,,,
2317,吴懿,2,蜀,1,男,95,0,0,4,0,5,4023170,0,144,GeneralCard,3775;3776,谋吴懿*蜀国,,,
2400,侯昭宁,4,群,2,女,62,0,0,4,0,5,4024000,0,144,GeneralCard,3769;3770,侯昭宁*群雄,,,
